ID,Case Number,Date,Block,IUCR,Primary Type,Description,Location Description,Arrest,Domestic,Beat,District,Ward,Community Area,FBI Code,X Coordinate,Y Coordinate,Year,Updated On,Latitude,Longitude,Location
10225121,HY412189,09/05/2015 11:55:00 PM,003XX W 59TH PL,1661,GAMBLING,GAME/DICE,SIDEWALK,True,False,711,7,20.0,68,19,1175158.0,1865501.0,2015,02/10/2018 03:50:01 PM,41.78631519,-87.63332122,"(41.78631519, -87.63332122)"
10225490,HY412665,09/06/2015 11:44:00 AM,064XX S LOWE AVE,1661,GAMBLING,GAME/DICE,SIDEWALK,True,False,723,7,20.0,68,19,1173143.0,1862230.0,2015,02/10/2018 03:50:01 PM,41.77738398,-87.64080579,"(41.77738398, -87.64080579)"
10225849,HY413216,09/06/2015 08:45:00 PM,015XX S HARDING AVE,1661,GAMBLING,GAME/DICE,SIDEWALK,True,False,1014,10,24.0,29,19,1150300.0,1892132.0,2015,02/10/2018 03:50:01 PM,41.859913531,-87.723771229,"(41.859913531, -87.723771229)"
10225887,HY413287,09/06/2015 10:05:00 PM,012XX S AVERS AVE,1651,GAMBLING,GAME/CARDS,SIDEWALK,True,False,1011,10,24.0,29,19,1150906.0,1894180.0,2015,02/10/2018 03:50:01 PM,41.865521655,-87.721493176,"(41.865521655, -87.721493176)"
10226631,HY414150,09/07/2015 03:35:00 PM,052XX W CRYSTAL ST,1661,GAMBLING,GAME/DICE,SIDEWALK,True,False,2532,25,37.0,25,19,1141110.0,1907821.0,2015,02/10/2018 03:50:01 PM,41.903140216,-87.757118943,"(41.903140216, -87.757118943)"
10227003,HY414670,09/08/2015 12:19:00 AM,057XX S MAY ST,1661,GAMBLING,GAME/DICE,SIDEWALK,True,False,712,7,16.0,68,19,1169630.0,1866784.0,2015,02/10/2018 03:50:01 PM,41.789957607,-87.65355243,"(41.789957607, -87.65355243)"
10229801,HY417170,09/09/2015 06:53:00 PM,070XX S BISHOP ST,1661,GAMBLING,GAME/DICE,SIDEWALK,True,False,734,7,17.0,67,19,1167885.0,1858019.0,2015,02/10/2018 03:50:01 PM,41.765943035,-87.660202417,"(41.765943035, -87.660202417)"
10229821,HY417176,09/09/2015 06:45:00 PM,0000X W 69TH ST,1661,GAMBLING,GAME/DICE,CTA BUS STOP,True,False,731,7,6.0,69,19,1177279.0,1859276.0,2015,02/10/2018 03:50:01 PM,41.769185486,-87.625732415,"(41.769185486, -87.625732415)"
10232058,HY419722,09/11/2015 08:05:00 PM,041XX W WEST END AVE,1661,GAMBLING,GAME/DICE,PARK PROPERTY,True,False,1114,11,28.0,26,19,1148833.0,1900653.0,2015,02/10/2018 03:50:01 PM,41.883324606,-87.728935993,"(41.883324606, -87.728935993)"
10233973,HY422360,09/14/2015 01:03:00 AM,064XX S LOWE AVE,1661,GAMBLING,GAME/DICE,SIDEWALK,True,False,723,7,16.0,68,19,1173143.0,1862237.0,2015,02/10/2018 03:50:01 PM,41.777403189,-87.640805584,"(41.777403189, -87.640805584)"
10236481,HY424338,09/15/2015 01:35:00 PM,008XX N CENTRAL PARK AVE,1661,GAMBLING,GAME/DICE,SIDEWALK,True,False,1121,11,27.0,23,19,1152230.0,1905354.0,2015,02/10/2018 03:50:01 PM,41.8961583,-87.716337772,"(41.8961583, -87.716337772)"
10237058,HY425036,09/15/2015 10:50:00 PM,008XX N TRUMBULL AVE,1661,GAMBLING,GAME/DICE,SIDEWALK,True,False,1121,11,27.0,23,19,1153229.0,1905299.0,2015,02/10/2018 03:50:01 PM,41.895987602,-87.712670084,"(41.895987602, -87.712670084)"
10238349,HY426073,09/16/2015 06:04:00 PM,070XX S ELIZABETH ST,1661,GAMBLING,GAME/DICE,SIDEWALK,True,False,734,7,17.0,67,19,1169206.0,1858108.0,2015,02/10/2018 03:50:01 PM,41.766158792,-87.655357925,"(41.766158792, -87.655357925)"
10238351,HY426122,09/16/2015 06:35:00 PM,015XX S KOMENSKY AVE,1661,GAMBLING,GAME/DICE,SIDEWALK,True,False,1012,10,24.0,29,19,1149635.0,1892172.0,2015,09/24/2015 07:50:13 PM,41.860036225,-87.726211243,"(41.860036225, -87.726211243)"
10239114,HY426793,09/17/2015 09:15:00 AM,051XX S PULASKI RD,1661,GAMBLING,GAME/DICE,CTA STATION,True,False,815,8,23.0,62,19,1150563.0,1870470.0,2015,02/10/2018 03:50:01 PM,41.800464977,-87.723370404,"(41.800464977, -87.723370404)"
10240688,HY428310,09/18/2015 12:22:00 PM,001XX W 103RD PL,1661,GAMBLING,GAME/DICE,SIDEWALK,True,False,512,5,34.0,49,19,1177168.0,1836326.0,2015,02/10/2018 03:50:01 PM,41.706210326,-87.626829881,"(41.706210326, -87.626829881)"
10240963,HY428537,09/18/2015 01:54:00 PM,071XX S WESTERN AVE,1680,GAMBLING,OTHER,SIDEWALK,True,False,832,8,18.0,66,19,1161609.0,1857305.0,2015,02/10/2018 03:50:01 PM,41.764116191,-87.683225997,"(41.764116191, -87.683225997)"
10021717,HY211521,04/05/2015 06:15:00 PM,043XX W WILCOX ST,1661,GAMBLING,GAME/DICE,SIDEWALK,True,False,1115,11,28.0,26,19,1147405.0,1898982.0,2015,02/10/2018 03:50:01 PM,41.878766668,-87.734222587,"(41.878766668, -87.734222587)"
10241724,HY429586,09/19/2015 11:45:00 AM,008XX N TRUMBULL AVE,1661,GAMBLING,GAME/DICE,SIDEWALK,True,False,1121,11,27.0,23,19,1153228.0,1905319.0,2015,02/10/2018 03:50:01 PM,41.896042504,-87.712673225,"(41.896042504, -87.712673225)"
10242132,HY430223,09/19/2015 08:10:00 PM,005XX N SPRINGFIELD AVE,1661,GAMBLING,GAME/DICE,SIDEWALK,True,False,1122,11,27.0,23,19,1150294.0,1903276.0,2015,02/10/2018 03:50:01 PM,41.890494037,-87.723502612,"(41.890494037, -87.723502612)"
10243062,HY431517,09/20/2015 07:56:00 PM,062XX S MAY ST,1661,GAMBLING,GAME/DICE,SIDEWALK,True,False,712,7,16.0,68,19,1169724.0,1863335.0,2015,02/10/2018 03:50:01 PM,41.780491105,-87.65330778,"(41.780491105, -87.65330778)"
10244107,HY432274,09/21/2015 12:30:00 PM,033XX W VAN BUREN ST,1661,GAMBLING,GAME/DICE,SIDEWALK,True,False,1134,11,28.0,27,19,1153985.0,1897823.0,2015,02/10/2018 03:50:01 PM,41.875457667,-87.710092857,"(41.875457667, -87.710092857)"
10245932,HY433723,09/22/2015 01:16:00 PM,051XX S CALUMET AVE,1661,GAMBLING,GAME/DICE,SIDEWALK,True,False,231,2,3.0,40,19,1179363.0,1871074.0,2015,02/10/2018 03:50:01 PM,41.801513039,-87.617733588,"(41.801513039, -87.617733588)"
10246463,HY434522,09/23/2015 12:35:00 AM,062XX S ARTESIAN AVE,1661,GAMBLING,GAME/DICE,SIDEWALK,True,False,825,8,15.0,66,19,1161109.0,1863258.0,2015,02/10/2018 03:50:01 PM,41.780462421,-87.684894118,"(41.780462421, -87.684894118)"
10248094,HY435794,09/23/2015 08:20:00 PM,062XX S ARTESIAN AVE,1661,GAMBLING,GAME/DICE,SIDEWALK,True,False,825,8,15.0,66,19,1161109.0,1863237.0,2015,09/30/2015 03:35:37 PM,41.780404794,-87.684894699,"(41.780404794, -87.684894699)"
10251005,HY438470,09/25/2015 11:01:00 PM,066XX S OAKLEY AVE,1661,GAMBLING,GAME/DICE,SIDEWALK,True,False,832,8,15.0,66,19,1162216.0,1860573.0,2015,02/10/2018 03:50:01 PM,41.773071434,-87.680910326,"(41.773071434, -87.680910326)"
10254107,HY441845,09/28/2015 03:50:00 PM,066XX S UNION AVE,1661,GAMBLING,GAME/DICE,ALLEY,True,False,723,7,6.0,68,19,1172658.0,1860658.0,2015,02/10/2018 03:50:01 PM,41.773080933,-87.642630079,"(41.773080933, -87.642630079)"
10255575,HY443236,09/29/2015 04:15:00 PM,043XX W 15TH ST,1661,GAMBLING,GAME/DICE,SIDEWALK,True,False,1011,10,24.0,29,19,1147475.0,1892349.0,2015,02/10/2018 03:50:01 PM,41.860563576,-87.734135566,"(41.860563576, -87.734135566)"
10257389,HY444387,09/30/2015 02:30:00 PM,004XX W PERSHING RD,1670,GAMBLING,GAME/AMUSEMENT DEVICE,RESTAURANT,True,False,915,9,11.0,60,19,1173808.0,1879063.0,2015,02/10/2018 03:50:01 PM,41.82356072,-87.637868624,"(41.82356072, -87.637868624)"
10258453,HY445634,10/01/2015 02:44:00 PM,010XX W ARGYLE ST,1680,GAMBLING,OTHER,SIDEWALK,True,False,2024,20,46.0,3,19,1168619.0,1933592.0,2015,02/10/2018 03:50:01 PM,41.973305519,-87.655324165,"(41.973305519, -87.655324165)"
10260771,HY448313,10/03/2015 04:10:00 PM,091XX S EGGLESTON AVE,1661,GAMBLING,GAME/DICE,ALLEY,True,False,2223,22,21.0,73,19,1174893.0,1844276.0,2015,02/10/2018 03:50:01 PM,41.728077154,-87.634924617,"(41.728077154, -87.634924617)"
10262997,HY450816,10/05/2015 06:02:00 PM,007XX E 93RD ST,1661,GAMBLING,GAME/DICE,RESIDENTIAL YARD (FRONT/BACK),True,False,633,6,9.0,44,19,1182716.0,1843467.0,2015,02/10/2018 03:50:01 PM,41.725679409,-87.606292755,"(41.725679409, -87.606292755)"
10263116,HY450921,10/05/2015 05:14:00 PM,066XX S MARYLAND AVE,1661,GAMBLING,GAME/DICE,ABANDONED BUILDING,True,False,321,3,5.0,42,19,1183033.0,1861254.0,2015,02/10/2018 03:50:01 PM,41.774481468,-87.60457973,"(41.774481468, -87.60457973)"
10263159,HY451057,10/05/2015 10:00:00 PM,015XX W WASHBURNE AVE,1661,GAMBLING,GAME/DICE,SIDEWALK,True,False,1233,12,2.0,28,19,1166060.0,1894467.0,2015,02/10/2018 03:50:01 PM,41.865999363,-87.665853961,"(41.865999363, -87.665853961)"
10271129,HY459361,10/12/2015 04:28:00 PM,050XX S ABERDEEN ST,1661,GAMBLING,GAME/DICE,SIDEWALK,True,False,933,9,16.0,61,19,1169838.0,1871369.0,2015,02/10/2018 03:50:01 PM,41.802534845,-87.652656634,"(41.802534845, -87.652656634)"
10276835,HY464504,10/16/2015 03:38:00 PM,008XX N PARKSIDE AVE,1661,GAMBLING,GAME/DICE,STREET,True,False,1511,15,29.0,25,19,1138540.0,1904957.0,2015,02/10/2018 03:50:01 PM,41.895328032,-87.766628703,"(41.895328032, -87.766628703)"
10276836,HY464480,10/16/2015 03:26:00 PM,022XX S KOLIN AVE,1661,GAMBLING,GAME/DICE,SIDEWALK,True,False,1013,10,22.0,29,19,1147997.0,1888816.0,2015,02/10/2018 03:50:01 PM,41.850858565,-87.732310188,"(41.850858565, -87.732310188)"
10276948,HY464743,10/16/2015 06:10:00 PM,054XX W ADAMS ST,1661,GAMBLING,GAME/DICE,SIDEWALK,True,False,1522,15,29.0,25,19,1140292.0,1898801.0,2015,10/23/2015 03:57:50 PM,41.878403263,-87.760344914,"(41.878403263, -87.760344914)"
10277625,HY465641,10/17/2015 01:30:00 PM,020XX W 68TH PL,1661,GAMBLING,GAME/DICE,ABANDONED BUILDING,True,False,726,7,17.0,67,19,1163947.0,1859227.0,2015,02/10/2018 03:50:01 PM,41.769341616,-87.674602677,"(41.769341616, -87.674602677)"
10283047,HY471059,10/21/2015 04:50:00 PM,0000X N MAYFIELD AVE,1661,GAMBLING,GAME/DICE,SIDEWALK,True,False,1513,15,29.0,25,19,1137165.0,1899625.0,2015,02/10/2018 03:50:01 PM,41.880721142,-87.771806969,"(41.880721142, -87.771806969)"
10284409,HY472099,10/22/2015 02:05:00 PM,053XX W CRYSTAL ST,1661,GAMBLING,GAME/DICE,SIDEWALK,True,False,2532,25,37.0,25,19,1140604.0,1907811.0,2015,02/10/2018 03:50:01 PM,41.903122086,-87.758977854,"(41.903122086, -87.758977854)"
10285880,HY473512,10/23/2015 03:27:00 PM,014XX N LECLAIRE AVE,1680,GAMBLING,OTHER,SIDEWALK,True,False,2533,25,37.0,25,19,1142109.0,1909027.0,2015,02/10/2018 03:50:01 PM,41.906431144,-87.753419418,"(41.906431144, -87.753419418)"
10287962,HY476452,10/25/2015 08:52:00 PM,070XX S MORGAN ST,1661,GAMBLING,GAME/DICE,SIDEWALK,True,False,733,7,17.0,68,19,1170860.0,1858155.0,2015,02/10/2018 03:50:01 PM,41.766251831,-87.649294061,"(41.766251831, -87.649294061)"
10300787,HY489409,11/04/2015 07:40:00 PM,059XX S MARSHFIELD AVE,1661,GAMBLING,GAME/DICE,SIDEWALK,True,False,714,7,15.0,67,19,1166357.0,1865370.0,2015,02/10/2018 03:50:01 PM,41.786147805,-87.665593862,"(41.786147805, -87.665593862)"
10300886,HY489516,11/04/2015 09:28:00 PM,061XX S CARPENTER ST,1661,GAMBLING,GAME/DICE,SIDEWALK,True,False,712,7,16.0,68,19,1170367.0,1864039.0,2015,02/10/2018 03:50:01 PM,41.782408986,-87.65092995,"(41.782408986, -87.65092995)"
10304477,HY492990,11/07/2015 01:24:00 PM,012XX W 72ND ST,1651,GAMBLING,GAME/CARDS,RESIDENTIAL YARD (FRONT/BACK),True,False,734,7,17.0,67,19,1169147.0,1857034.0,2015,02/10/2018 03:50:01 PM,41.763212874,-87.655605198,"(41.763212874, -87.655605198)"
10304726,HY493386,11/07/2015 07:00:00 PM,007XX W MARQUETTE RD,1661,GAMBLING,GAME/DICE,RESIDENTIAL YARD (FRONT/BACK),True,False,723,7,6.0,68,19,1172583.0,1860446.0,2015,02/10/2018 03:50:01 PM,41.772500833,-87.642911248,"(41.772500833, -87.642911248)"
10309142,HY498117,11/11/2015 06:47:00 PM,007XX W MARQUETTE RD,1661,GAMBLING,GAME/DICE,RESIDENTIAL YARD (FRONT/BACK),True,False,723,7,6.0,68,19,1172583.0,1860446.0,2015,02/10/2018 03:50:01 PM,41.772500833,-87.642911248,"(41.772500833, -87.642911248)"
10312859,HY501917,11/14/2015 11:15:00 PM,031XX W DEVON AVE,1651,GAMBLING,GAME/CARDS,OTHER,True,False,2413,24,50.0,2,19,1154388.0,1942272.0,2015,02/10/2018 03:50:01 PM,41.997421019,-87.707421661,"(41.997421019, -87.707421661)"
10153063,HY342243,07/15/2015 07:00:00 PM,016XX S HOMAN AVE,1680,GAMBLING,OTHER,SIDEWALK,True,False,1021,10,24.0,29,19,1153968.0,1891668.0,2015,02/10/2018 03:50:01 PM,41.858568011,-87.710319284,"(41.858568011, -87.710319284)"
10154392,HY343182,07/16/2015 02:20:00 PM,060XX S GREEN ST,1661,GAMBLING,GAME/DICE,SIDEWALK,True,False,712,7,16.0,68,19,1171676.0,1864700.0,2015,02/10/2018 03:50:01 PM,41.784194239,-87.646111427,"(41.784194239, -87.646111427)"
10156983,HY346191,07/18/2015 08:10:00 PM,059XX S MAPLEWOOD AVE,1661,GAMBLING,GAME/DICE,SIDEWALK,True,False,824,8,16.0,66,19,1160390.0,1865187.0,2015,02/10/2018 03:50:01 PM,41.78577071,-87.687476992,"(41.78577071, -87.687476992)"
10157786,HY347305,07/19/2015 06:40:00 PM,0000X N LECLAIRE AVE,1661,GAMBLING,GAME/DICE,SIDEWALK,True,False,1533,15,28.0,25,19,1142386.0,1899689.0,2015,02/10/2018 03:50:01 PM,41.880801426,-87.752634034,"(41.880801426, -87.752634034)"
10159257,HY348508,07/20/2015 04:08:00 PM,070XX S VERNON AVE,1661,GAMBLING,GAME/DICE,ALLEY,True,False,322,3,6.0,69,19,1180466.0,1858398.0,2015,02/10/2018 03:50:01 PM,41.76670362,-87.614077383,"(41.76670362, -87.614077383)"
10160793,HY349605,07/21/2015 12:59:00 PM,038XX W CHICAGO AVE,1661,GAMBLING,GAME/DICE,SIDEWALK,True,False,1112,11,27.0,23,19,1150674.0,1905068.0,2015,02/10/2018 03:50:01 PM,41.895404051,-87.722060175,"(41.895404051, -87.722060175)"
10161035,HY349867,07/21/2015 03:18:00 PM,074XX S HARVARD AVE,1661,GAMBLING,GAME/DICE,RESIDENTIAL YARD (FRONT/BACK),True,False,731,7,17.0,69,19,1175245.0,1855588.0,2015,02/10/2018 03:50:01 PM,41.759110864,-87.63329808,"(41.759110864, -87.63329808)"
10162115,HY350783,07/22/2015 11:02:00 AM,040XX W WEST END AVE,1661,GAMBLING,GAME/DICE,SIDEWALK,True,False,1114,11,28.0,26,19,1149328.0,1900664.0,2015,02/10/2018 03:50:01 PM,41.88334521,-87.727118019,"(41.88334521, -87.727118019)"
10167134,HY355592,07/25/2015 08:06:00 PM,075XX N RIDGE BLVD,1661,GAMBLING,GAME/DICE,ALLEY,True,False,2424,24,49.0,1,19,1160545.0,1950086.0,2015,02/10/2018 03:50:01 PM,42.018737124,-87.684554543,"(42.018737124, -87.684554543)"
10167999,HY356749,07/26/2015 06:31:00 PM,059XX S ABERDEEN ST,1661,GAMBLING,GAME/DICE,SIDEWALK,True,False,712,7,16.0,68,19,1169998.0,1865446.0,2015,02/10/2018 03:50:01 PM,41.786277988,-87.652241946,"(41.786277988, -87.652241946)"
10168123,HY356926,07/26/2015 09:10:00 PM,062XX S ARTESIAN AVE,1661,GAMBLING,GAME/DICE,SIDEWALK,True,False,825,8,15.0,66,19,1161112.0,1863149.0,2015,02/10/2018 03:50:01 PM,41.780163248,-87.684886133,"(41.780163248, -87.684886133)"
10169763,HY358156,07/27/2015 06:20:00 PM,049XX W HUBBARD ST,1661,GAMBLING,GAME/DICE,SIDEWALK,True,False,1532,15,28.0,25,19,1143413.0,1902560.0,2015,02/10/2018 03:50:01 PM,41.888660665,-87.748791115,"(41.888660665, -87.748791115)"
10171590,HY359621,07/28/2015 06:52:00 PM,012XX S AVERS AVE,1661,GAMBLING,GAME/DICE,SIDEWALK,True,False,1011,10,24.0,29,19,1150904.0,1894234.0,2015,02/10/2018 03:50:01 PM,41.865669877,-87.721499106,"(41.865669877, -87.721499106)"
10171766,HY359858,07/28/2015 10:53:00 PM,008XX N HOMAN AVE,1661,GAMBLING,GAME/DICE,SIDEWALK,True,False,1121,11,27.0,23,19,1153560.0,1905306.0,2015,02/10/2018 03:50:01 PM,41.896000234,-87.711454197,"(41.896000234, -87.711454197)"
10172783,HY360568,07/29/2015 01:32:00 PM,053XX W ADAMS ST,1661,GAMBLING,GAME/DICE,RESIDENCE PORCH/HALLWAY,True,False,1522,15,29.0,25,19,1140873.0,1898815.0,2015,08/17/2015 03:03:40 PM,41.878431017,-87.758211233,"(41.878431017, -87.758211233)"
10176918,HY364851,08/01/2015 12:10:00 PM,066XX S UNION AVE,1661,GAMBLING,GAME/DICE,SIDEWALK,True,False,723,7,6.0,68,19,1172658.0,1860658.0,2015,02/10/2018 03:50:01 PM,41.773080933,-87.642630079,"(41.773080933, -87.642630079)"
10176919,HY364689,08/01/2015 01:32:00 PM,070XX S JUSTINE ST,1661,GAMBLING,GAME/DICE,SIDEWALK,True,False,734,7,17.0,67,19,1167223.0,1858005.0,2015,02/10/2018 03:50:01 PM,41.765918808,-87.662629278,"(41.765918808, -87.662629278)"
10177210,HY365212,08/01/2015 08:50:00 PM,0000X N MASON AVE,1661,GAMBLING,GAME/DICE,STREET,True,False,1513,15,29.0,25,19,1136774.0,1899622.0,2015,08/17/2015 03:03:40 PM,41.880719921,-87.773242784,"(41.880719921, -87.773242784)"
10178350,HY366692,08/03/2015 12:21:00 AM,026XX W LAWRENCE AVE,1670,GAMBLING,GAME/AMUSEMENT DEVICE,RESTAURANT,True,False,1911,19,47.0,4,19,1157997.0,1931783.0,2015,02/10/2018 03:50:01 PM,41.968565569,-87.694433309,"(41.968565569, -87.694433309)"
10179077,HY367230,08/03/2015 12:07:00 PM,038XX W VAN BUREN ST,1661,GAMBLING,GAME/DICE,SIDEWALK,True,False,1133,11,24.0,26,19,1150771.0,1897747.0,2015,02/10/2018 03:50:01 PM,41.875312549,-87.721895497,"(41.875312549, -87.721895497)"
10179634,HY367978,08/03/2015 08:09:00 PM,032XX W PIERCE AVE,1661,GAMBLING,GAME/DICE,SIDEWALK,True,False,1422,14,26.0,23,19,1154546.0,1910118.0,2015,02/10/2018 03:50:01 PM,41.909185132,-87.707703914,"(41.909185132, -87.707703914)"
10180836,HY368776,08/04/2015 01:42:00 PM,021XX W 70TH ST,1661,GAMBLING,GAME/DICE,SIDEWALK,True,False,735,7,17.0,67,19,1163433.0,1858221.0,2015,02/10/2018 03:50:01 PM,41.7665918,-87.676514931,"(41.7665918, -87.676514931)"
10180855,HY368777,08/04/2015 01:50:00 PM,111XX S ASHLAND AVE,1661,GAMBLING,GAME/DICE,SIDEWALK,True,False,2234,22,34.0,75,19,1167357.0,1830483.0,2015,08/17/2015 03:03:40 PM,41.690391438,-87.662923799,"(41.690391438, -87.662923799)"
10181245,HY369382,08/04/2015 09:18:00 PM,097XX S PARNELL AVE,1661,GAMBLING,GAME/DICE,PARK PROPERTY,True,False,2223,22,21.0,73,19,1174352.0,1840265.0,2015,02/10/2018 03:50:01 PM,41.717082444,-87.637025239,"(41.717082444, -87.637025239)"
10182487,HY370172,08/05/2015 02:45:00 PM,070XX S BISHOP ST,1661,GAMBLING,GAME/DICE,SIDEWALK,True,False,734,7,17.0,67,19,1167885.0,1857997.0,2015,02/10/2018 03:50:01 PM,41.765882664,-87.660203048,"(41.765882664, -87.660203048)"
10182675,HY370517,08/05/2015 06:21:00 PM,013XX N MAYFIELD AVE,1661,GAMBLING,GAME/DICE,SIDEWALK,True,False,2531,25,29.0,25,19,1136777.0,1908330.0,2015,02/10/2018 03:50:01 PM,41.904615737,-87.773022962,"(41.904615737, -87.773022962)"
10182845,HY370699,08/05/2015 08:29:00 PM,055XX S SHIELDS AVE,1661,GAMBLING,GAME/DICE,VACANT LOT/LAND,True,False,711,7,3.0,68,19,1174916.0,1868053.0,2015,02/10/2018 03:50:01 PM,41.793323548,-87.634132413,"(41.793323548, -87.634132413)"
10182925,HY370654,08/05/2015 07:00:00 PM,011XX W ARGYLE ST,1670,GAMBLING,GAME/AMUSEMENT DEVICE,CONVENIENCE STORE,True,False,2033,20,48.0,3,19,1167802.0,1933571.0,2015,02/10/2018 03:50:01 PM,41.973265598,-87.658329054,"(41.973265598, -87.658329054)"
10184320,HY371956,08/06/2015 07:51:00 PM,025XX W LITHUANIAN PLAZA CT,1661,GAMBLING,GAME/DICE,ALLEY,True,False,832,8,15.0,66,19,1160725.0,1858818.0,2015,02/10/2018 03:50:01 PM,41.768286371,-87.686424382,"(41.768286371, -87.686424382)"
10184386,HY371996,08/06/2015 08:15:00 PM,056XX S SEELEY AVE,1661,GAMBLING,GAME/DICE,SIDEWALK,True,False,715,7,15.0,67,19,1163657.0,1867236.0,2015,02/10/2018 03:50:01 PM,41.791325463,-87.67544108,"(41.791325463, -87.67544108)"
10184489,HY372172,08/06/2015 11:08:00 PM,070XX S BISHOP ST,1661,GAMBLING,GAME/DICE,SIDEWALK,True,False,734,7,17.0,67,19,1167881.0,1858144.0,2015,02/10/2018 03:50:01 PM,41.766286138,-87.660213493,"(41.766286138, -87.660213493)"
10023151,HY212920,04/06/2015 08:06:00 PM,052XX S GREEN ST,1661,GAMBLING,GAME/DICE,SIDEWALK,True,False,934,9,3.0,61,19,1171523.0,1870177.0,2015,02/10/2018 03:50:01 PM,41.799227087,-87.646511957,"(41.799227087, -87.646511957)"
10185643,HY373150,08/07/2015 05:57:00 PM,055XX W QUINCY ST,1661,GAMBLING,GAME/DICE,SIDEWALK,True,False,1522,15,29.0,25,19,1139644.0,1898455.0,2015,02/10/2018 03:50:01 PM,41.87746564,-87.762732712,"(41.87746564, -87.762732712)"
10185767,HY373167,08/07/2015 04:51:00 PM,016XX S LAWNDALE AVE,1661,GAMBLING,GAME/DICE,SIDEWALK,True,False,1014,10,24.0,29,19,1151968.0,1891615.0,2015,02/10/2018 03:50:01 PM,41.858462162,-87.717662024,"(41.858462162, -87.717662024)"
10186878,ZZ376673,08/08/2015 08:20:00 PM,033XX W DOUGLAS BLVD,1661,GAMBLING,GAME/DICE,PARK PROPERTY,True,False,1021,10,24.0,29,19,1154105.0,1893088.0,2015,02/10/2018 03:50:01 PM,41.862461922,-87.709778547,"(41.862461922, -87.709778547)"
10186939,HY374809,08/08/2015 11:35:00 PM,007XX N RIDGEWAY AVE,1661,GAMBLING,GAME/DICE,SIDEWALK,True,False,1112,11,27.0,23,19,1151252.0,1904769.0,2015,02/10/2018 03:50:01 PM,41.894572245,-87.719945157,"(41.894572245, -87.719945157)"
10187237,HY375210,08/09/2015 11:00:00 AM,005XX N SPRINGFIELD AVE,1661,GAMBLING,GAME/DICE,SIDEWALK,True,False,1122,11,27.0,23,19,1150294.0,1903283.0,2015,02/10/2018 03:50:01 PM,41.890513246,-87.723502429,"(41.890513246, -87.723502429)"
10188617,HY374673,08/08/2015 08:20:00 PM,033XX W DOUGLAS BLVD,1661,GAMBLING,GAME/DICE,PARK PROPERTY,True,False,1021,10,24.0,29,19,1154105.0,1893088.0,2015,02/10/2018 03:50:01 PM,41.862461922,-87.709778547,"(41.862461922, -87.709778547)"
10188883,HY376622,08/10/2015 12:42:00 PM,079XX S ESCANABA AVE,1661,GAMBLING,GAME/DICE,RESIDENTIAL YARD (FRONT/BACK),True,False,422,4,7.0,46,19,1196878.0,1852939.0,2015,02/10/2018 03:50:01 PM,41.751331394,-87.554103407,"(41.751331394, -87.554103407)"
10190634,HY378054,08/11/2015 01:15:00 PM,087XX S ESCANABA AVE,1661,GAMBLING,GAME/DICE,RESIDENTIAL YARD (FRONT/BACK),True,False,423,4,10.0,46,19,1196905.0,1847589.0,2015,08/19/2015 03:57:18 PM,41.736649912,-87.554181981,"(41.736649912, -87.554181981)"
10190923,HY378576,08/11/2015 07:20:00 PM,008XX N HOMAN AVE,1661,GAMBLING,GAME/DICE,SIDEWALK,True,False,1121,11,27.0,23,19,1153561.0,1905294.0,2015,02/10/2018 03:50:01 PM,41.895967285,-87.711450843,"(41.895967285, -87.711450843)"
10190962,HY378561,08/11/2015 05:49:00 PM,102XX S MORGAN ST,1661,GAMBLING,GAME/DICE,ALLEY,True,False,2232,22,34.0,73,19,1171456.0,1836970.0,2015,02/10/2018 03:50:01 PM,41.708104255,-87.647728102,"(41.708104255, -87.647728102)"
10191031,HY378716,08/11/2015 07:41:00 PM,004XX W 77TH ST,1661,GAMBLING,GAME/DICE,SIDEWALK,True,False,621,6,17.0,69,19,1174747.0,1853874.0,2015,02/10/2018 03:50:01 PM,41.754418547,-87.635174198,"(41.754418547, -87.635174198)"
10191090,HY378725,08/11/2015 09:25:00 PM,068XX S EAST END AVE,1661,GAMBLING,GAME/DICE,SIDEWALK,True,False,332,3,5.0,43,19,1188713.0,1860039.0,2015,02/10/2018 03:50:01 PM,41.771013443,-87.583796929,"(41.771013443, -87.583796929)"
10192394,HY379783,08/12/2015 05:15:00 PM,048XX W HURON ST,1661,GAMBLING,GAME/DICE,STREET,True,False,1532,15,28.0,25,19,1144044.0,1904202.0,2015,02/10/2018 03:50:01 PM,41.893154686,-87.746432575,"(41.893154686, -87.746432575)"
10192454,HY379871,08/12/2015 06:38:00 PM,070XX S MORGAN ST,1661,GAMBLING,GAME/DICE,ABANDONED BUILDING,True,False,733,7,17.0,68,19,1170860.0,1858149.0,2015,02/10/2018 03:50:01 PM,41.766235366,-87.649294236,"(41.766235366, -87.649294236)"
10193608,HY380765,08/13/2015 01:35:00 PM,065XX S GREEN ST,1661,GAMBLING,GAME/DICE,SIDEWALK,True,False,723,7,20.0,68,19,1171764.0,1861420.0,2015,08/20/2015 04:17:37 PM,41.775191608,-87.645884924,"(41.775191608, -87.645884924)"
10193868,HY381041,08/13/2015 04:35:00 PM,002XX W 95TH ST,1661,GAMBLING,GAME/DICE,SIDEWALK,True,False,634,6,21.0,49,19,1176168.0,1841939.0,2015,02/10/2018 03:50:01 PM,41.721635631,-87.630323986,"(41.721635631, -87.630323986)"
10195382,HY382468,08/14/2015 05:30:00 PM,039XX W LEXINGTON ST,1661,GAMBLING,GAME/DICE,SIDEWALK,True,False,1132,11,24.0,26,19,1150266.0,1896408.0,2015,02/10/2018 03:50:01 PM,41.871648038,-87.723784586,"(41.871648038, -87.723784586)"
10195510,HY382567,08/14/2015 06:36:00 PM,091XX S GREENWOOD AVE,1661,GAMBLING,GAME/DICE,SIDEWALK,True,False,413,4,8.0,47,19,1185143.0,1844625.0,2015,02/10/2018 03:50:01 PM,41.728800497,-87.59736636,"(41.728800497, -87.59736636)"
10196214,HY383538,08/15/2015 02:35:00 PM,066XX S MARQUETTE RD,1661,GAMBLING,GAME/DICE,SIDEWALK,True,False,321,3,20.0,42,19,1180714.0,1861169.0,2015,02/10/2018 03:50:01 PM,41.77430183,-87.613083318,"(41.77430183, -87.613083318)"
10196515,HY383911,08/15/2015 07:45:00 PM,034XX N HARLEM AVE,1670,GAMBLING,GAME/AMUSEMENT DEVICE,RESTAURANT,True,False,1632,16,36.0,17,19,1127469.0,1922039.0,2015,02/10/2018 03:50:01 PM,41.942396746,-87.806905464,"(41.942396746, -87.806905464)"
10197211,HY384982,08/16/2015 04:00:00 PM,057XX S RACINE AVE,1661,GAMBLING,GAME/DICE,PARK PROPERTY,True,False,712,7,16.0,68,19,1169299.0,1866775.0,2015,02/10/2018 03:50:01 PM,41.789940085,-87.654766372,"(41.789940085, -87.654766372)"
10197424,HY385243,08/16/2015 07:48:00 PM,070XX S PAULINA ST,1661,GAMBLING,GAME/DICE,SIDEWALK,True,False,735,7,17.0,67,19,1166227.0,1858056.0,2015,02/10/2018 03:50:01 PM,41.766080013,-87.666278518,"(41.766080013, -87.666278518)"
10088668,HY277412,05/27/2015 06:17:00 PM,080XX S MARSHFIELD AVE,1661,GAMBLING,GAME/DICE,RESIDENCE PORCH/HALLWAY,True,False,611,6,21.0,71,19,1166741.0,1851379.0,2015,02/10/2018 03:50:01 PM,41.747746453,-87.664584768,"(41.747746453, -87.664584768)"
10200407,HY387952,08/18/2015 06:09:00 PM,013XX W 73RD ST,1661,GAMBLING,GAME/DICE,ALLEY,True,False,734,7,17.0,67,19,1168578.0,1856355.0,2015,08/31/2015 03:43:09 PM,41.761361892,-87.657710237,"(41.761361892, -87.657710237)"
10200582,HY388157,08/18/2015 08:05:00 PM,056XX S EMERALD AVE,1661,GAMBLING,GAME/DICE,SIDEWALK,True,False,711,7,20.0,68,19,1172265.0,1867394.0,2015,02/10/2018 03:50:01 PM,41.791573935,-87.643872725,"(41.791573935, -87.643872725)"
10202020,HY389188,08/19/2015 05:10:00 PM,0000X S WHIPPLE ST,1661,GAMBLING,GAME/DICE,SIDEWALK,True,False,1124,11,28.0,27,19,1156166.0,1899687.0,2015,02/10/2018 03:50:01 PM,41.880528932,-87.702034691,"(41.880528932, -87.702034691)"
10202201,HY389481,08/19/2015 08:25:00 PM,047XX W VAN BUREN ST,1661,GAMBLING,GAME/DICE,SIDEWALK,True,False,1131,11,24.0,25,19,1144897.0,1897607.0,2015,02/10/2018 03:50:01 PM,41.875041173,-87.743466273,"(41.875041173, -87.743466273)"
10202246,HY389600,08/19/2015 10:40:00 PM,002XX S LOTUS AVE,1661,GAMBLING,GAME/DICE,SIDEWALK,True,False,1522,15,29.0,25,19,1139911.0,1898709.0,2015,02/10/2018 03:50:01 PM,41.878157774,-87.761746134,"(41.878157774, -87.761746134)"
10203489,HY390327,08/20/2015 02:00:00 PM,013XX S SAWYER AVE,1661,GAMBLING,GAME/DICE,SIDEWALK,True,False,1022,10,24.0,29,19,1154906.0,1893699.0,2015,02/10/2018 03:50:01 PM,41.864122571,-87.706821796,"(41.864122571, -87.706821796)"
10203909,HY390799,08/20/2015 07:34:00 PM,057XX S RACINE AVE,1661,GAMBLING,GAME/DICE,PARK PROPERTY,True,False,712,7,16.0,68,19,1169299.0,1866775.0,2015,02/10/2018 03:50:01 PM,41.789940085,-87.654766372,"(41.789940085, -87.654766372)"
10205330,HY392172,08/21/2015 08:10:00 PM,037XX S WELLS ST,1661,GAMBLING,GAME/DICE,SIDEWALK,True,False,915,9,3.0,34,19,1175252.0,1880240.0,2015,08/31/2015 03:43:09 PM,41.826758313,-87.632535927,"(41.826758313, -87.632535927)"
10207054,HY394395,08/23/2015 02:50:00 PM,003XX N LATROBE AVE,1661,GAMBLING,GAME/DICE,SIDEWALK,True,False,1523,15,28.0,25,19,1141317.0,1901710.0,2015,02/10/2018 03:50:01 PM,41.886367084,-87.756509491,"(41.886367084, -87.756509491)"
10207270,HY394705,08/23/2015 06:48:00 PM,062XX S LAFLIN ST,1661,GAMBLING,GAME/DICE,SIDEWALK,True,False,713,7,16.0,67,19,1167401.0,1863415.0,2015,02/10/2018 03:50:01 PM,41.780760731,-87.661822015,"(41.780760731, -87.661822015)"
10210116,HY396873,08/25/2015 02:00:00 PM,064XX S LAFLIN ST,1661,GAMBLING,GAME/DICE,SIDEWALK,True,False,725,7,17.0,67,19,1167443.0,1861981.0,2015,02/10/2018 03:50:01 PM,41.776824755,-87.661709096,"(41.776824755, -87.661709096)"
10210462,HY397360,08/25/2015 07:05:00 PM,043XX W 15TH ST,1661,GAMBLING,GAME/DICE,PARK PROPERTY,True,False,1011,10,24.0,29,19,1147815.0,1892358.0,2015,02/10/2018 03:50:01 PM,41.860581754,-87.732887264,"(41.860581754, -87.732887264)"
10210599,HY397511,08/25/2015 09:25:00 PM,046XX W ERIE ST,1661,GAMBLING,GAME/DICE,SIDEWALK,True,False,1111,11,28.0,25,19,1145163.0,1903908.0,2015,02/10/2018 03:50:01 PM,41.892326839,-87.742330294,"(41.892326839, -87.742330294)"
10212239,HY398747,08/26/2015 08:58:00 PM,016XX S CENTRAL PARK AVE,1661,GAMBLING,GAME/DICE,STREET,True,False,1014,10,24.0,29,19,1152642.0,1891545.0,2015,02/10/2018 03:50:01 PM,41.858256785,-87.715189844,"(41.858256785, -87.715189844)"
10212373,HY398827,08/26/2015 09:37:00 PM,009XX E 79TH ST,1661,GAMBLING,GAME/DICE,PARKING LOT/GARAGE(NON.RESID.),True,False,624,6,8.0,44,19,1184073.0,1852826.0,2015,02/10/2018 03:50:01 PM,41.751329969,-87.601030331,"(41.751329969, -87.601030331)"
10213754,HY399932,08/27/2015 06:55:00 PM,101XX S WINSTON AVE,1661,GAMBLING,GAME/DICE,SIDEWALK,True,False,2213,22,21.0,73,19,1169302.0,1837476.0,2015,02/10/2018 03:50:01 PM,41.709539588,-87.655601585,"(41.709539588, -87.655601585)"
10213863,HY400131,08/27/2015 10:53:00 PM,085XX S CARPENTER ST,1661,GAMBLING,GAME/DICE,SIDEWALK,True,False,613,6,21.0,71,19,1170807.0,1848178.0,2015,02/10/2018 03:50:01 PM,41.73887479,-87.649778865,"(41.73887479, -87.649778865)"
10214644,HY400618,08/28/2015 11:10:00 AM,057XX S RACINE AVE,1661,GAMBLING,GAME/DICE,PARK PROPERTY,True,False,712,7,16.0,68,19,1169298.0,1866822.0,2015,02/10/2018 03:50:01 PM,41.79006908,-87.654768679,"(41.79006908, -87.654768679)"
10214988,HY401058,08/28/2015 05:02:00 PM,047XX W HURON ST,1661,GAMBLING,GAME/DICE,SIDEWALK,True,False,1111,11,28.0,25,19,1144697.0,1904220.0,2015,02/10/2018 03:50:01 PM,41.893191798,-87.744033867,"(41.893191798, -87.744033867)"
10215149,HY401195,08/28/2015 05:49:00 PM,078XX S AVALON AVE,1661,GAMBLING,GAME/DICE,ALLEY,True,False,411,4,8.0,45,19,1185908.0,1853189.0,2015,02/10/2018 03:50:01 PM,41.752283021,-87.59429461,"(41.752283021, -87.59429461)"
10216141,HY402575,08/29/2015 09:30:00 PM,030XX S ARCHER AVE,1670,GAMBLING,GAME/AMUSEMENT DEVICE,RESTAURANT,True,False,913,9,11.0,60,19,1167335.0,1884989.0,2015,02/10/2018 03:50:01 PM,41.839963582,-87.661445613,"(41.839963582, -87.661445613)"
10216698,HY403285,08/30/2015 12:50:00 PM,014XX S HOMAN AVE,1661,GAMBLING,GAME/DICE,SIDEWALK,True,False,1021,10,24.0,29,19,1153934.0,1892844.0,2015,02/10/2018 03:50:01 PM,41.861795765,-87.710412768,"(41.861795765, -87.710412768)"
10216866,HY403705,08/30/2015 07:00:00 PM,055XX W CONGRESS PKWY,1661,GAMBLING,GAME/DICE,SIDEWALK,True,False,1522,15,29.0,25,19,1139758.0,1897140.0,2015,02/10/2018 03:50:01 PM,41.873855027,-87.762346249,"(41.873855027, -87.762346249)"
10218630,HY405299,08/31/2015 10:15:00 PM,059XX S UNION AVE,1661,GAMBLING,GAME/DICE,RESIDENTIAL YARD (FRONT/BACK),True,False,711,7,20.0,68,19,1172651.0,1865435.0,2015,02/10/2018 03:50:01 PM,41.786189721,-87.64251506,"(41.786189721, -87.64251506)"
10218675,HY405308,08/31/2015 10:21:00 PM,040XX W IOWA ST,1661,GAMBLING,GAME/DICE,SIDEWALK,True,False,1111,11,37.0,23,19,1149439.0,1905714.0,2015,09/10/2015 11:43:14 AM,41.897200797,-87.726579288,"(41.897200797, -87.726579288)"
10219198,HY405881,09/01/2015 12:25:00 PM,028XX W POLK ST,1661,GAMBLING,GAME/DICE,SIDEWALK,True,False,1135,11,2.0,27,19,1157546.0,1896244.0,2015,02/10/2018 03:50:01 PM,41.871053034,-87.697061165,"(41.871053034, -87.697061165)"
10219262,HY405970,09/01/2015 01:20:00 PM,016XX S KOMENSKY AVE,1661,GAMBLING,GAME/DICE,SIDEWALK,True,False,1012,10,24.0,29,19,1149654.0,1891491.0,2015,02/10/2018 03:50:01 PM,41.85816711,-87.726159177,"(41.85816711, -87.726159177)"
10219552,HY406543,09/01/2015 07:55:00 PM,066XX S BISHOP ST,1661,GAMBLING,GAME/DICE,SIDEWALK,True,False,725,7,17.0,67,19,1167807.0,1860798.0,2015,09/10/2015 11:43:14 AM,41.773570645,-87.660408619,"(41.773570645, -87.660408619)"
10219805,HY406818,09/02/2015 12:44:00 AM,002XX W 95TH ST,1661,GAMBLING,GAME/DICE,CHA PARKING LOT/GROUNDS,True,False,634,6,21.0,49,19,1176158.0,1841939.0,2015,02/10/2018 03:50:01 PM,41.721635855,-87.630360614,"(41.721635855, -87.630360614)"
10220367,HY407267,09/02/2015 12:15:00 PM,006XX N DRAKE AVE,1661,GAMBLING,GAME/DICE,SIDEWALK,True,False,1121,11,27.0,23,19,1152605.0,1903938.0,2015,02/10/2018 03:50:01 PM,41.892265248,-87.714997943,"(41.892265248, -87.714997943)"
10220446,HY407327,09/02/2015 01:00:00 PM,053XX W ADAMS ST,1661,GAMBLING,GAME/DICE,SIDEWALK,True,False,1522,15,29.0,25,19,1140822.0,1898814.0,2015,02/10/2018 03:50:01 PM,41.87842921,-87.758398522,"(41.87842921, -87.758398522)"
10221078,HY408122,09/02/2015 11:20:00 PM,008XX N CENTRAL PARK AVE,1661,GAMBLING,GAME/DICE,SIDEWALK,True,False,1112,11,27.0,23,19,1152231.0,1905341.0,2015,02/10/2018 03:50:01 PM,41.896122607,-87.716334443,"(41.896122607, -87.716334443)"
10222682,HY409416,09/03/2015 09:30:00 PM,028XX W MONROE ST,1661,GAMBLING,GAME/DICE,SIDEWALK,True,False,1124,11,2.0,27,19,1157490.0,1899561.0,2015,02/10/2018 03:50:01 PM,41.880156348,-87.697176502,"(41.880156348, -87.697176502)"
10222708,HY409458,09/03/2015 10:15:00 PM,039XX W VAN BUREN ST,1661,GAMBLING,GAME/DICE,SIDEWALK,True,False,1132,11,24.0,26,19,1150266.0,1897736.0,2015,02/10/2018 03:50:01 PM,41.87529222,-87.72374996,"(41.87529222, -87.72374996)"
10223418,HY410074,09/04/2015 12:00:00 PM,038XX W ADAMS ST,1661,GAMBLING,GAME/DICE,SIDEWALK,True,False,1122,11,28.0,26,19,1150789.0,1898736.0,2015,02/10/2018 03:50:01 PM,41.878026122,-87.721803536,"(41.878026122, -87.721803536)"
10223961,HY410715,09/04/2015 07:09:00 PM,073XX S VINCENNES AVE,1661,GAMBLING,GAME/DICE,SIDEWALK,True,False,731,7,6.0,69,19,1176118.0,1856242.0,2015,02/10/2018 03:50:01 PM,41.760885977,-87.630078996,"(41.760885977, -87.630078996)"
10224077,HY410796,09/04/2015 08:48:00 PM,020XX W 68TH ST,1661,GAMBLING,GAME/DICE,SIDEWALK,True,False,726,7,17.0,67,19,1163952.0,1859557.0,2015,02/10/2018 03:50:01 PM,41.770247076,-87.674575084,"(41.770247076, -87.674575084)"
10224264,HY410961,09/04/2015 11:24:00 PM,077XX S THROOP ST,1661,GAMBLING,GAME/DICE,SIDEWALK,True,False,612,6,17.0,71,19,1169225.0,1853478.0,2015,02/10/2018 03:50:01 PM,41.753453055,-87.655422019,"(41.753453055, -87.655422019)"
10110665,HY299288,06/13/2015 10:58:00 AM,112XX S EDBROOKE AVE,1661,GAMBLING,GAME/DICE,ALLEY,True,False,531,5,9.0,49,19,1179202.0,1830425.0,2015,02/10/2018 03:50:01 PM,41.689971124,-87.61956061,"(41.689971124, -87.61956061)"
10335298,HY526311,12/05/2015 07:59:00 PM,068XX S ASHLAND AVE,1661,GAMBLING,GAME/DICE,RESTAURANT,True,False,725,7,17.0,67,19,1166855.0,1859276.0,2015,02/10/2018 03:50:01 PM,41.769414467,-87.66394187,"(41.769414467, -87.66394187)"
10132030,HY320751,06/29/2015 02:35:00 PM,061XX S THROOP ST,1661,GAMBLING,GAME/DICE,SIDEWALK,True,False,713,7,16.0,67,19,1168680.0,1863967.0,2015,02/10/2018 03:50:01 PM,41.782247982,-87.657117043,"(41.782247982, -87.657117043)"
10088843,HY277633,05/27/2015 10:00:00 PM,006XX N ST LOUIS AVE,1661,GAMBLING,GAME/DICE,SIDEWALK,True,False,1121,11,27.0,23,19,1152931.0,1904143.0,2015,02/10/2018 03:50:01 PM,41.892821335,-87.71379524,"(41.892821335, -87.71379524)"
10334219,HY524816,12/04/2015 03:01:00 PM,038XX W ADAMS ST,1661,GAMBLING,GAME/DICE,SIDEWALK,True,False,1122,11,28.0,26,19,1150830.0,1898737.0,2015,02/10/2018 03:50:01 PM,41.878028065,-87.721652966,"(41.878028065, -87.721652966)"
10067284,HY256341,05/11/2015 06:50:00 PM,074XX S ABERDEEN ST,1661,GAMBLING,GAME/DICE,ALLEY,True,False,733,7,17.0,68,19,1170273.0,1855418.0,2015,02/10/2018 03:50:01 PM,41.758753944,-87.651525142,"(41.758753944, -87.651525142)"
10132353,HY321212,06/29/2015 07:06:00 PM,065XX S OAKLEY AVE,1661,GAMBLING,GAME/DICE,SIDEWALK,True,False,832,8,15.0,66,19,1162200.0,1861165.0,2015,02/10/2018 03:50:01 PM,41.774696297,-87.680952516,"(41.774696297, -87.680952516)"
10089974,HY278347,05/28/2015 01:45:00 PM,049XX W MONROE ST,1661,GAMBLING,GAME/DICE,SIDEWALK,True,False,1533,15,28.0,25,19,1143550.0,1899209.0,2015,02/10/2018 03:50:01 PM,41.879462555,-87.748371878,"(41.879462555, -87.748371878)"
10090153,HY278402,05/28/2015 02:09:00 PM,016XX S KARLOV AVE,1661,GAMBLING,GAME/DICE,SIDEWALK,True,False,1012,10,24.0,29,19,1149321.0,1891529.0,2015,02/10/2018 03:50:01 PM,41.858277842,-87.727380521,"(41.858277842, -87.727380521)"
10090170,HY278456,05/28/2015 03:01:00 PM,007XX N TRUMBULL AVE,1661,GAMBLING,GAME/DICE,SIDEWALK,True,False,1121,11,27.0,23,19,1153245.0,1904769.0,2015,02/10/2018 03:50:01 PM,41.894532913,-87.712625401,"(41.894532913, -87.712625401)"
10132558,HY321452,06/29/2015 10:50:00 PM,010XX N LAMON AVE,1661,GAMBLING,GAME/DICE,SIDEWALK,True,False,1531,15,37.0,25,19,1143506.0,1906415.0,2015,02/10/2018 03:50:01 PM,41.899237493,-87.748353058,"(41.899237493, -87.748353058)"
10002677,HY191890,03/20/2015 01:13:00 PM,020XX W 70TH ST,1661,GAMBLING,GAME/DICE,STREET,True,False,735,7,17.0,67,19,1164027.0,1858234.0,2015,02/10/2018 03:50:01 PM,41.766615006,-87.674337321,"(41.766615006, -87.674337321)"
10025150,HY214606,04/08/2015 02:18:00 PM,067XX S MAY ST,1661,GAMBLING,GAME/DICE,SIDEWALK,True,False,724,7,17.0,68,19,1169813.0,1860088.0,2015,02/10/2018 03:50:01 PM,41.77157901,-87.653075655,"(41.77157901, -87.653075655)"
10111907,HY301158,06/14/2015 06:25:00 PM,068XX S MAY ST,1661,GAMBLING,GAME/DICE,SIDEWALK,True,False,724,7,17.0,68,19,1169832.0,1859399.0,2015,02/10/2018 03:50:01 PM,41.769687895,-87.653025985,"(41.769687895, -87.653025985)"
10091907,HY280025,05/29/2015 04:32:00 PM,065XX S GREEN ST,1661,GAMBLING,GAME/DICE,RESIDENCE PORCH/HALLWAY,True,False,723,7,20.0,68,19,1171764.0,1861427.0,2015,02/10/2018 03:50:01 PM,41.775210816,-87.645884719,"(41.775210816, -87.645884719)"
10133948,HY322657,06/30/2015 08:30:00 PM,074XX W ADDISON ST,1670,GAMBLING,GAME/AMUSEMENT DEVICE,RESTAURANT,True,False,1631,16,36.0,17,19,1125999.0,1923038.0,2015,02/10/2018 03:50:01 PM,41.945162769,-87.812286183,"(41.945162769, -87.812286183)"
10047591,HY237041,04/26/2015 07:05:00 PM,0000X E 100TH PL,1661,GAMBLING,GAME/DICE,RESIDENCE PORCH/HALLWAY,True,False,511,5,9.0,49,19,1178570.0,1838355.0,2015,02/10/2018 03:50:01 PM,41.711746499,-87.621634453,"(41.711746499, -87.621634453)"
10026553,HY215974,04/09/2015 05:15:00 PM,065XX S PEORIA ST,1661,GAMBLING,GAME/DICE,SIDEWALK,True,False,723,7,17.0,68,19,1171430.0,1861513.0,2015,02/10/2018 03:50:01 PM,41.775454131,-87.647106602,"(41.775454131, -87.647106602)"
10070254,HY258797,05/13/2015 03:50:00 PM,001XX W 112TH ST,1661,GAMBLING,GAME/DICE,SIDEWALK,True,False,522,5,34.0,49,19,1177315.0,1830687.0,2015,02/10/2018 03:50:01 PM,41.69073279,-87.626461055,"(41.69073279, -87.626461055)"
10092140,HY280396,05/29/2015 09:45:00 PM,032XX N HARLEM AVE,1670,GAMBLING,GAME/AMUSEMENT DEVICE,OTHER,True,False,1631,16,36.0,17,19,1127514.0,1920675.0,2015,02/10/2018 03:50:01 PM,41.938653007,-87.80677086,"(41.938653007, -87.80677086)"
10135227,HY323755,07/01/2015 05:59:00 PM,032XX W WALNUT ST,1661,GAMBLING,GAME/DICE,SIDEWALK,True,False,1123,11,28.0,27,19,1154797.0,1901447.0,2015,02/10/2018 03:50:01 PM,41.885386072,-87.707014386,"(41.885386072, -87.707014386)"
10135347,HY323811,07/01/2015 06:05:00 PM,033XX W VAN BUREN ST,1661,GAMBLING,GAME/DICE,SIDEWALK,True,False,1134,11,28.0,27,19,1153975.0,1897823.0,2015,02/10/2018 03:50:01 PM,41.875457866,-87.710129573,"(41.875457866, -87.710129573)"
10003802,HY193541,03/21/2015 06:45:00 PM,042XX W MONROE ST,1661,GAMBLING,GAME/DICE,SIDEWALK,True,False,1115,11,28.0,26,19,1148136.0,1899324.0,2015,02/10/2018 03:50:01 PM,41.879691121,-87.731529667,"(41.879691121, -87.731529667)"
10134926,HY323336,07/01/2015 12:45:00 PM,054XX S BISHOP ST,1661,GAMBLING,GAME/DICE,SIDEWALK,True,False,934,9,16.0,61,19,1167591.0,1868675.0,2015,08/17/2015 03:03:40 PM,41.795190732,-87.660974633,"(41.795190732, -87.660974633)"
10026845,HY216352,04/09/2015 10:51:00 PM,005XX W 85TH ST,1661,GAMBLING,GAME/DICE,APARTMENT,True,False,622,6,21.0,71,19,1173987.0,1848476.0,2015,02/10/2018 03:50:01 PM,41.739622639,-87.638119181,"(41.739622639, -87.638119181)"
10003937,HY193663,03/21/2015 07:55:00 PM,032XX W LAWRENCE AVE,1670,GAMBLING,GAME/AMUSEMENT DEVICE,SMALL RETAIL STORE,True,False,1713,17,39.0,14,19,1154071.0,1931710.0,2015,02/10/2018 03:50:01 PM,41.968444682,-87.708871059,"(41.968444682, -87.708871059)"
10113200,HY302391,06/15/2015 04:35:00 PM,049XX W OHIO ST,1661,GAMBLING,GAME/DICE,SIDEWALK,True,False,1532,15,37.0,25,19,1143277.0,1903539.0,2015,02/10/2018 03:50:01 PM,41.891349698,-87.749266091,"(41.891349698, -87.749266091)"
10026594,HY216082,04/09/2015 06:09:00 PM,071XX S VINCENNES AVE,1661,GAMBLING,GAME/DICE,STREET,True,False,731,7,6.0,69,19,1176581.0,1857588.0,2015,08/17/2015 03:03:40 PM,41.764569155,-87.628341654,"(41.764569155, -87.628341654)"
10027287,HY216642,04/10/2015 10:35:00 AM,050XX W ADAMS ST,1661,GAMBLING,GAME/DICE,SIDEWALK,True,False,1533,15,28.0,25,19,1143005.0,1898866.0,2015,02/10/2018 03:50:01 PM,41.878531497,-87.750381613,"(41.878531497, -87.750381613)"
10027404,HY216736,04/10/2015 11:20:00 AM,033XX W ROOSEVELT RD,1661,GAMBLING,GAME/DICE,PARKING LOT/GARAGE(NON.RESID.),True,False,1021,10,24.0,29,19,1154121.0,1894509.0,2015,02/10/2018 03:50:01 PM,41.866360984,-87.709681918,"(41.866360984, -87.709681918)"
10071483,HY259899,05/14/2015 01:10:00 PM,013XX S TROY ST,1661,GAMBLING,GAME/DICE,SIDEWALK,True,False,1022,10,24.0,29,19,1155572.0,1893697.0,2015,02/10/2018 03:50:01 PM,41.864103719,-87.704376976,"(41.864103719, -87.704376976)"
10072076,HY260469,05/14/2015 08:45:00 PM,046XX W 63RD ST,1670,GAMBLING,GAME/AMUSEMENT DEVICE,BAR OR TAVERN,True,False,813,8,13.0,64,19,1146319.0,1862423.0,2015,02/10/2018 03:50:01 PM,41.778464299,-87.73913867,"(41.778464299, -87.73913867)"
10004429,HY194332,03/22/2015 01:57:00 PM,019XX S ST LOUIS AVE,1661,GAMBLING,GAME/DICE,SIDEWALK,True,False,1024,10,24.0,29,19,1153407.0,1890195.0,2015,02/10/2018 03:50:01 PM,41.854537081,-87.71241763,"(41.854537081, -87.71241763)"
10115171,HY304023,06/16/2015 06:38:00 PM,009XX E 54TH ST,1661,GAMBLING,GAME/DICE,"SCHOOL, PUBLIC, GROUNDS",True,False,233,2,4.0,41,19,1183580.0,1869801.0,2015,08/17/2015 03:03:40 PM,41.797922443,-87.602308153,"(41.797922443, -87.602308153)"
10136790,HY325331,07/02/2015 08:23:00 PM,079XX S ESCANABA AVE,1661,GAMBLING,GAME/DICE,SIDEWALK,True,False,422,4,7.0,46,19,1196880.0,1852872.0,2015,02/10/2018 03:50:01 PM,41.751147491,-87.554098301,"(41.751147491, -87.554098301)"
10136824,HY325205,07/02/2015 07:25:00 PM,030XX W FLOURNOY ST,1661,GAMBLING,GAME/DICE,SIDEWALK,True,False,1134,11,28.0,27,19,1156149.0,1896876.0,2015,02/10/2018 03:50:01 PM,41.872815608,-87.702173016,"(41.872815608, -87.702173016)"
10050090,HY239235,04/28/2015 02:15:00 PM,007XX N WALLER AVE,1661,GAMBLING,GAME/DICE,SIDEWALK,True,False,1511,15,29.0,25,19,1138197.0,1904326.0,2015,08/17/2015 03:03:40 PM,41.893602699,-87.767903749,"(41.893602699, -87.767903749)"
10050120,HY239201,04/28/2015 12:52:00 PM,049XX N LAVERGNE AVE,1661,GAMBLING,GAME/DICE,SIDEWALK,True,False,1623,16,45.0,11,19,1142139.0,1932585.0,2015,02/10/2018 03:50:01 PM,41.971076016,-87.7527231,"(41.971076016, -87.7527231)"
10073007,HY261309,05/15/2015 02:15:00 PM,030XX W JACKSON BLVD,1661,GAMBLING,GAME/DICE,STREET,True,False,1124,11,28.0,27,19,1155997.0,1898529.0,2015,02/10/2018 03:50:01 PM,41.877354674,-87.70268649,"(41.877354674, -87.70268649)"
10137199,HY325786,07/03/2015 10:30:00 AM,049XX W ADAMS ST,1661,GAMBLING,GAME/DICE,SIDEWALK,True,False,1533,15,28.0,25,19,1143658.0,1898882.0,2015,02/10/2018 03:50:01 PM,41.878563206,-87.747983503,"(41.878563206, -87.747983503)"
10073117,HY261634,05/15/2015 06:15:00 PM,046XX W ERIE ST,1661,GAMBLING,GAME/DICE,SIDEWALK,True,False,1111,11,28.0,25,19,1145188.0,1903909.0,2015,02/10/2018 03:50:01 PM,41.892329111,-87.742238453,"(41.892329111, -87.742238453)"
10073125,HY261623,05/15/2015 06:18:00 PM,066XX S UNION AVE,1661,GAMBLING,GAME/DICE,SIDEWALK,True,False,723,7,6.0,68,19,1172651.0,1860911.0,2015,02/10/2018 03:50:01 PM,41.773775349,-87.642648291,"(41.773775349, -87.642648291)"
10136953,HY325476,07/02/2015 11:35:00 PM,030XX W LEXINGTON ST,1661,GAMBLING,GAME/DICE,SIDEWALK,True,False,1134,11,28.0,27,19,1156160.0,1896545.0,2015,02/10/2018 03:50:01 PM,41.871907088,-87.702141566,"(41.871907088, -87.702141566)"
10005837,HY195964,03/23/2015 08:40:00 PM,039XX W CERMAK RD,1661,GAMBLING,GAME/DICE,PARKING LOT/GARAGE(NON.RESID.),True,False,1014,10,24.0,29,19,1150290.0,1889088.0,2015,02/10/2018 03:50:01 PM,41.851560618,-87.723887245,"(41.851560618, -87.723887245)"
10137459,HY326140,07/03/2015 03:25:00 PM,057XX S MAY ST,1661,GAMBLING,GAME/DICE,SIDEWALK,True,False,712,7,16.0,68,19,1169631.0,1866777.0,2015,02/10/2018 03:50:01 PM,41.789938376,-87.653548966,"(41.789938376, -87.653548966)"
10029260,HY219186,04/12/2015 01:00:00 PM,071XX S RACINE AVE,1661,GAMBLING,GAME/DICE,PARKING LOT/GARAGE(NON.RESID.),True,False,733,7,17.0,68,19,1169561.0,1857260.0,2015,02/10/2018 03:50:01 PM,41.763824086,-87.654081269,"(41.763824086, -87.654081269)"
10029300,HY219250,04/12/2015 01:31:00 PM,012XX S FAIRFIELD AVE,1661,GAMBLING,GAME/DICE,SIDEWALK,True,False,1023,10,28.0,29,19,1158229.0,1894173.0,2015,02/10/2018 03:50:01 PM,41.865356082,-87.694610192,"(41.865356082, -87.694610192)"
10137807,HY326642,07/03/2015 11:23:00 PM,066XX S MARSHFIELD AVE,1661,GAMBLING,GAME/DICE,SIDEWALK,True,False,725,7,15.0,67,19,1166467.0,1860770.0,2015,02/10/2018 03:50:01 PM,41.773522476,-87.665321568,"(41.773522476, -87.665321568)"
10029364,HY219341,04/12/2015 03:20:00 PM,041XX W ADAMS ST,1661,GAMBLING,GAME/DICE,SIDEWALK,True,False,1115,11,28.0,26,19,1148798.0,1898689.0,2015,02/10/2018 03:50:01 PM,41.877935845,-87.729115291,"(41.877935845, -87.729115291)"
10051912,HY241050,04/29/2015 05:21:00 PM,059XX S MAPLEWOOD AVE,1651,GAMBLING,GAME/CARDS,APARTMENT,True,False,824,8,16.0,66,19,1160390.0,1865187.0,2015,02/10/2018 03:50:01 PM,41.78577071,-87.687476992,"(41.78577071, -87.687476992)"
10116853,HY305553,06/17/2015 07:21:00 PM,018XX S HARDING AVE,1661,GAMBLING,GAME/DICE,SIDEWALK,True,False,1014,10,24.0,29,19,1150349.0,1890696.0,2015,02/10/2018 03:50:01 PM,41.855972018,-87.723628793,"(41.855972018, -87.723628793)"
10074239,HY263125,05/16/2015 07:17:00 PM,012XX W 72ND ST,1661,GAMBLING,GAME/DICE,SIDEWALK,True,False,734,7,17.0,67,19,1169174.0,1857035.0,2015,02/10/2018 03:50:01 PM,41.763215034,-87.655506209,"(41.763215034, -87.655506209)"
10096253,HY284666,06/02/2015 10:28:00 AM,015XX S CHRISTIANA AVE,1661,GAMBLING,GAME/DICE,SIDEWALK,True,False,1021,10,24.0,29,19,1154286.0,1892174.0,2015,02/10/2018 03:50:01 PM,41.859950194,-87.709138509,"(41.859950194, -87.709138509)"
10118013,HY306612,06/18/2015 05:30:00 PM,096XX S MORGAN ST,1661,GAMBLING,GAME/DICE,PARK PROPERTY,True,False,2223,22,21.0,73,19,1171349.0,1840884.0,2015,02/10/2018 03:50:01 PM,41.718847191,-87.648005856,"(41.718847191, -87.648005856)"
10118160,HY306878,06/18/2015 09:15:00 PM,012XX W 81ST ST,1661,GAMBLING,GAME/DICE,APARTMENT,True,False,613,6,21.0,71,19,1169529.0,1851073.0,2015,02/10/2018 03:50:01 PM,41.746846831,-87.654377518,"(41.746846831, -87.654377518)"
10054087,HY242815,05/01/2015 11:25:00 AM,048XX W ADAMS ST,1661,GAMBLING,GAME/DICE,SIDEWALK,True,False,1533,15,28.0,25,19,1144189.0,1898894.0,2015,02/10/2018 03:50:01 PM,41.878586181,-87.746033456,"(41.878586181, -87.746033456)"
10032340,HY222187,04/14/2015 07:20:00 PM,033XX W GLADYS AVE,1661,GAMBLING,GAME/DICE,SIDEWALK,True,False,1134,11,28.0,27,19,1154283.0,1898101.0,2015,02/10/2018 03:50:01 PM,41.876214585,-87.708991285,"(41.876214585, -87.708991285)"
10098251,HY286295,06/03/2015 02:05:00 PM,039XX W LEXINGTON ST,1661,GAMBLING,GAME/DICE,SIDEWALK,True,False,1132,11,24.0,26,19,1150280.0,1896409.0,2015,02/10/2018 03:50:01 PM,41.871650509,-87.72373316,"(41.871650509, -87.72373316)"
10139545,HY328956,07/05/2015 06:18:00 PM,038XX W CHICAGO AVE,1661,GAMBLING,GAME/DICE,SIDEWALK,True,False,1112,11,27.0,23,19,1150674.0,1905068.0,2015,02/10/2018 03:50:01 PM,41.895404051,-87.722060175,"(41.895404051, -87.722060175)"
10054644,HY243310,05/01/2015 05:00:00 PM,096XX S MICHIGAN AVE,1661,GAMBLING,GAME/DICE,ALLEY,True,False,511,5,6.0,49,19,1178847.0,1841118.0,2015,02/10/2018 03:50:01 PM,41.719322248,-87.620536242,"(41.719322248, -87.620536242)"
10032473,HY222316,04/14/2015 07:40:00 PM,016XX S LAWNDALE AVE,1661,GAMBLING,GAME/DICE,SIDEWALK,True,False,1014,10,24.0,29,19,1151969.0,1891573.0,2015,02/10/2018 03:50:01 PM,41.85834689,-87.717659458,"(41.85834689, -87.717659458)"
10098577,HY286809,06/03/2015 07:20:00 PM,069XX S THROOP ST,1661,GAMBLING,GAME/DICE,SIDEWALK,True,False,734,7,17.0,67,19,1168859.0,1858688.0,2015,08/17/2015 03:03:40 PM,41.767757885,-87.656613078,"(41.767757885, -87.656613078)"
10076553,HY265349,05/18/2015 02:10:00 PM,008XX N LECLAIRE AVE,1661,GAMBLING,GAME/DICE,SIDEWALK,True,False,1531,15,37.0,25,19,1142204.0,1905045.0,2015,02/10/2018 03:50:01 PM,41.895502316,-87.753169364,"(41.895502316, -87.753169364)"
10119611,HY308207,06/19/2015 09:10:00 PM,003XX S CICERO AVE,1661,GAMBLING,GAME/DICE,GAS STATION,True,False,1533,15,24.0,25,19,1144438.0,1898165.0,2015,02/10/2018 03:50:01 PM,41.876581037,-87.745137513,"(41.876581037, -87.745137513)"
10098721,HY287027,06/03/2015 10:45:00 PM,012XX S FAIRFIELD AVE,1661,GAMBLING,GAME/DICE,SIDEWALK,True,False,1023,10,28.0,29,19,1158230.0,1894143.0,2015,02/10/2018 03:50:01 PM,41.865273738,-87.694607341,"(41.865273738, -87.694607341)"
10119757,HY308391,06/20/2015 12:15:00 AM,009XX N MAYFIELD AVE,1661,GAMBLING,GAME/DICE,SIDEWALK,True,False,1511,15,29.0,25,19,1136963.0,1905869.0,2015,02/10/2018 03:50:01 PM,41.897859112,-87.772398829,"(41.897859112, -87.772398829)"
10119722,HY308322,06/19/2015 10:11:00 PM,063XX S SANGAMON ST,1661,GAMBLING,GAME/DICE,SIDEWALK,True,False,723,7,16.0,68,19,1171069.0,1862640.0,2015,02/10/2018 03:50:01 PM,41.77855465,-87.648397079,"(41.77855465, -87.648397079)"
10076775,HY265770,05/18/2015 06:34:00 PM,068XX S PAULINA ST,1661,GAMBLING,GAME/DICE,SIDEWALK,True,False,725,7,17.0,67,19,1166190.0,1859335.0,2015,02/10/2018 03:50:01 PM,41.769590547,-87.666377784,"(41.769590547, -87.666377784)"
10011726,HY200956,03/27/2015 09:10:00 AM,032XX N HARLEM AVE,1670,GAMBLING,GAME/AMUSEMENT DEVICE,OTHER,True,False,1631,16,36.0,17,19,1127514.0,1920675.0,2015,02/10/2018 03:50:01 PM,41.938653007,-87.80677086,"(41.938653007, -87.80677086)"
10076949,HY265950,05/18/2015 08:17:00 PM,022XX S KOLIN AVE,1661,GAMBLING,GAME/DICE,SIDEWALK,True,False,1013,10,22.0,29,19,1147998.0,1888767.0,2015,02/10/2018 03:50:01 PM,41.850724083,-87.732307776,"(41.850724083, -87.732307776)"
10140836,HY330285,07/06/2015 05:30:00 PM,080XX S UNION AVE,1661,GAMBLING,GAME/DICE,SIDEWALK,True,False,621,6,21.0,71,19,1173030.0,1851633.0,2015,02/10/2018 03:50:01 PM,41.748307021,-87.641532482,"(41.748307021, -87.641532482)"
10034039,HY223517,04/15/2015 08:30:00 PM,024XX W 66TH ST,1661,GAMBLING,GAME/DICE,OTHER,True,False,832,8,15.0,66,19,1161046.0,1860819.0,2015,02/10/2018 03:50:01 PM,41.773770768,-87.685192482,"(41.773770768, -87.685192482)"
10140881,HY330448,07/06/2015 07:10:00 PM,049XX W HUBBARD ST,1661,GAMBLING,GAME/DICE,SIDEWALK,True,False,1532,15,28.0,25,19,1143372.0,1902559.0,2015,02/10/2018 03:50:01 PM,41.888658688,-87.748941709,"(41.888658688, -87.748941709)"
10012328,HY201988,03/28/2015 06:45:00 PM,005XX N SPRINGFIELD AVE,1661,GAMBLING,GAME/DICE,SIDEWALK,True,False,1122,11,27.0,23,19,1150294.0,1903297.0,2015,02/10/2018 03:50:01 PM,41.890551663,-87.723502064,"(41.890551663, -87.723502064)"
10034124,HY223598,04/15/2015 09:45:00 PM,053XX W OHIO ST,1661,GAMBLING,GAME/DICE,STREET,True,False,1523,15,37.0,25,19,1140707.0,1903456.0,2015,02/10/2018 03:50:01 PM,41.891169553,-87.758706651,"(41.891169553, -87.758706651)"
10099701,HY288275,06/04/2015 10:20:00 PM,008XX N CENTRAL PARK AVE,1661,GAMBLING,GAME/DICE,SIDEWALK,True,False,1121,11,27.0,23,19,1152231.0,1905334.0,2015,02/10/2018 03:50:01 PM,41.896103398,-87.716334627,"(41.896103398, -87.716334627)"
10141107,HY330713,07/06/2015 11:30:00 PM,069XX S THROOP ST,1661,GAMBLING,GAME/DICE,SIDEWALK,True,False,734,7,17.0,67,19,1168859.0,1858688.0,2015,02/10/2018 03:50:01 PM,41.767757885,-87.656613078,"(41.767757885, -87.656613078)"
10141714,HY331115,07/07/2015 11:40:00 AM,005XX N CICERO AVE,1661,GAMBLING,GAME/DICE,SIDEWALK,True,False,1532,15,28.0,25,19,1144261.0,1903316.0,2015,02/10/2018 03:50:01 PM,41.890719324,-87.745657892,"(41.890719324, -87.745657892)"
10142233,HY331653,07/07/2015 06:16:00 PM,073XX S MAY ST,1661,GAMBLING,GAME/DICE,SIDEWALK,True,False,733,7,17.0,68,19,1169926.0,1856037.0,2015,02/10/2018 03:50:01 PM,41.7604601,-87.652778927,"(41.7604601, -87.652778927)"
10120973,HY310011,06/21/2015 11:09:00 AM,011XX N KEELER AVE,1661,GAMBLING,GAME/DICE,SIDEWALK,True,False,1111,11,37.0,23,19,1148167.0,1907464.0,2015,02/10/2018 03:50:01 PM,41.90202757,-87.731206096,"(41.90202757, -87.731206096)"
10142115,HY331366,07/07/2015 02:55:00 PM,072XX S PEORIA ST,1661,GAMBLING,GAME/DICE,SIDEWALK,True,False,733,7,17.0,68,19,1171558.0,1856861.0,2015,02/10/2018 03:50:01 PM,41.762685673,-87.6467735,"(41.762685673, -87.6467735)"
10142354,HY331781,07/07/2015 07:27:00 PM,064XX S CAMPBELL AVE,1661,GAMBLING,GAME/DICE,SIDEWALK,True,False,825,8,15.0,66,19,1160814.0,1861887.0,2015,02/10/2018 03:50:01 PM,41.776706305,-87.686013481,"(41.776706305, -87.686013481)"
10036303,HY225347,04/17/2015 11:18:00 AM,039XX W LEXINGTON ST,1661,GAMBLING,GAME/DICE,SIDEWALK,True,False,1132,11,24.0,26,19,1150212.0,1896407.0,2015,08/17/2015 03:03:40 PM,41.871646346,-87.723982869,"(41.871646346, -87.723982869)"
10101050,HY289496,06/05/2015 08:39:00 PM,036XX W CHICAGO AVE,1661,GAMBLING,GAME/DICE,SIDEWALK,True,False,1112,11,27.0,23,19,1151818.0,1905092.0,2015,02/10/2018 03:50:01 PM,41.895447466,-87.717857879,"(41.895447466, -87.717857879)"
10014339,HY203868,03/30/2015 02:19:00 PM,038XX W ROOSEVELT RD,1661,GAMBLING,GAME/DICE,SIDEWALK,True,False,1011,10,24.0,29,19,1150993.0,1894437.0,2015,02/10/2018 03:50:01 PM,41.866225191,-87.721167065,"(41.866225191, -87.721167065)"
10036667,HY225977,04/17/2015 06:57:00 PM,074XX S WENTWORTH AVE,1661,GAMBLING,GAME/DICE,SIDEWALK,True,False,731,7,17.0,69,19,1176242.0,1855737.0,2015,02/10/2018 03:50:01 PM,41.759497416,-87.629639672,"(41.759497416, -87.629639672)"
10014510,HY204159,03/30/2015 05:27:00 PM,064XX S EBERHART AVE,1661,GAMBLING,GAME/DICE,RESIDENTIAL YARD (FRONT/BACK),True,False,312,3,20.0,42,19,1180685.0,1862453.0,2015,08/17/2015 03:03:40 PM,41.777825918,-87.613150208,"(41.777825918, -87.613150208)"
10058096,HY247242,05/04/2015 07:18:00 PM,022XX S MILLARD AVE,1661,GAMBLING,GAME/DICE,SIDEWALK,True,False,1013,10,22.0,30,19,1152386.0,1888903.0,2015,02/10/2018 03:50:01 PM,41.851011878,-87.716199232,"(41.851011878, -87.716199232)"
10143760,HY333007,07/08/2015 06:09:00 PM,063XX S EBERHART AVE,1661,GAMBLING,GAME/DICE,SIDEWALK,True,False,312,3,20.0,42,19,1180668.0,1863115.0,2015,02/10/2018 03:50:01 PM,41.779642901,-87.613192206,"(41.779642901, -87.613192206)"
10122902,HY312011,06/22/2015 08:00:00 PM,040XX W MONROE ST,1661,GAMBLING,GAME/DICE,SIDEWALK,True,False,1115,11,28.0,26,19,1149512.0,1899355.0,2015,02/10/2018 03:50:01 PM,41.8797496,-87.726476343,"(41.8797496, -87.726476343)"
10059092,HY247831,05/05/2015 10:00:00 AM,077XX S INGLESIDE AVE,1661,GAMBLING,GAME/DICE,"SCHOOL, PUBLIC, BUILDING",True,False,624,6,8.0,69,19,1183899.0,1853859.0,2015,02/10/2018 03:50:01 PM,41.754168689,-87.601635756,"(41.754168689, -87.601635756)"
10122956,HY312038,06/22/2015 08:22:00 PM,088XX S EXCHANGE AVE,1661,GAMBLING,GAME/DICE,SIDEWALK,True,False,423,4,10.0,46,19,1197300.0,1846927.0,2015,02/10/2018 03:50:01 PM,41.734823509,-87.552756858,"(41.734823509, -87.552756858)"
10059370,HY248014,05/05/2015 12:35:00 PM,052XX S MARSHFIELD AVE,1661,GAMBLING,GAME/DICE,SIDEWALK,True,False,932,9,16.0,61,19,1166232.0,1869893.0,2015,02/10/2018 03:50:01 PM,41.798562129,-87.665923432,"(41.798562129, -87.665923432)"
10081564,HY270056,05/21/2015 11:20:00 PM,055XX W CORCORAN PL,1661,GAMBLING,GAME/DICE,RESIDENTIAL YARD (FRONT/BACK),True,False,1523,15,28.0,25,19,1139308.0,1902015.0,2015,02/10/2018 03:50:01 PM,41.887240863,-87.763879696,"(41.887240863, -87.763879696)"
10145212,HY334153,07/09/2015 05:07:00 PM,002XX W 95TH ST,1661,GAMBLING,GAME/DICE,CHA PARKING LOT/GROUNDS,True,False,634,6,21.0,49,19,1176426.0,1841946.0,2015,02/10/2018 03:50:01 PM,41.721649055,-87.629378772,"(41.721649055, -87.629378772)"
10081439,HY269891,05/21/2015 08:51:00 PM,010XX N LAWNDALE AVE,1661,GAMBLING,GAME/DICE,SIDEWALK,True,False,1112,11,27.0,23,19,1151525.0,1906636.0,2015,08/17/2015 03:03:40 PM,41.899690118,-87.718893392,"(41.899690118, -87.718893392)"
10016050,HY205430,03/31/2015 07:05:00 PM,060XX S PRINCETON AVE,1661,GAMBLING,GAME/DICE,ALLEY,True,False,711,7,20.0,68,19,1175318.0,1865091.0,2015,02/10/2018 03:50:01 PM,41.785186531,-87.632746831,"(41.785186531, -87.632746831)"
10145495,HY334552,07/09/2015 11:09:00 PM,003XX N LATROBE AVE,1661,GAMBLING,GAME/DICE,SIDEWALK,True,False,1523,15,28.0,25,19,1141317.0,1901710.0,2015,02/10/2018 03:50:01 PM,41.886367084,-87.756509491,"(41.886367084, -87.756509491)"
10124694,HY313352,06/23/2015 07:58:00 PM,067XX S MAY ST,1661,GAMBLING,GAME/DICE,SIDEWALK,True,False,724,7,17.0,68,19,1169811.0,1860149.0,2015,02/10/2018 03:50:01 PM,41.771746445,-87.653081217,"(41.771746445, -87.653081217)"
10124726,HY313435,06/23/2015 09:30:00 PM,078XX S WESTERN AVE,1661,GAMBLING,GAME/DICE,CTA BUS STOP,True,False,835,8,18.0,70,19,1161740.0,1852584.0,2015,02/10/2018 03:50:01 PM,41.751158354,-87.682876681,"(41.751158354, -87.682876681)"
10124739,HY313424,06/23/2015 08:50:00 PM,067XX S CLAREMONT AVE,1651,GAMBLING,GAME/CARDS,SIDEWALK,True,False,832,8,17.0,66,19,1161895.0,1859906.0,2015,02/10/2018 03:50:01 PM,41.771247769,-87.682105552,"(41.771247769, -87.682105552)"
10146126,HY334938,07/10/2015 11:00:00 AM,051XX W MADISON ST,1661,GAMBLING,GAME/DICE,OTHER,True,False,1533,15,28.0,25,19,1142285.0,1899542.0,2015,02/10/2018 03:50:01 PM,41.880399914,-87.753008553,"(41.880399914, -87.753008553)"
10125302,HY313909,06/24/2015 10:30:00 AM,051XX W QUINCY ST,1661,GAMBLING,GAME/DICE,ALLEY,True,False,1533,15,28.0,25,19,1142048.0,1898513.0,2015,02/10/2018 03:50:01 PM,41.877580603,-87.753904313,"(41.877580603, -87.753904313)"
10038179,HY227949,04/19/2015 12:35:00 PM,012XX N MASON AVE,1661,GAMBLING,GAME/DICE,SIDEWALK,True,False,2531,25,29.0,25,19,1136467.0,1907694.0,2015,02/10/2018 03:50:01 PM,41.902876025,-87.774176927,"(41.902876025, -87.774176927)"
10061451,HY250068,05/06/2015 10:30:00 PM,038XX W GEORGE ST,1661,GAMBLING,GAME/DICE,STREET,True,False,2523,25,30.0,21,19,1150473.0,1919013.0,2015,08/17/2015 03:03:40 PM,41.933674356,-87.722433593,"(41.933674356, -87.722433593)"
10082956,HY271291,05/22/2015 09:10:00 PM,113XX S STEWART AVE,1661,GAMBLING,GAME/DICE,VACANT LOT/LAND,True,False,522,5,34.0,49,19,1175651.0,1829683.0,2015,02/10/2018 03:50:01 PM,41.688014971,-87.632582947,"(41.688014971, -87.632582947)"
10017499,HY206880,04/01/2015 08:00:00 PM,048XX W GLADYS AVE,1661,GAMBLING,GAME/DICE,STREET,True,False,1533,15,24.0,25,19,1144408.0,1897908.0,2015,02/10/2018 03:50:01 PM,41.875876362,-87.74525413,"(41.875876362, -87.74525413)"
10017527,HY206917,04/01/2015 08:26:00 PM,065XX S MARSHFIELD AVE,1661,GAMBLING,GAME/DICE,ALLEY,True,False,725,7,15.0,67,19,1166451.0,1861325.0,2015,02/10/2018 03:50:01 PM,41.775045809,-87.665364418,"(41.775045809, -87.665364418)"
10083390,HY271904,05/23/2015 11:53:00 AM,001XX S KILPATRICK AVE,1680,GAMBLING,OTHER,SIDEWALK,True,False,1113,11,28.0,25,19,1145080.0,1898917.0,2015,02/10/2018 03:50:01 PM,41.878632519,-87.742761268,"(41.878632519, -87.742761268)"
10062183,HY250504,05/07/2015 11:15:00 AM,010XX W 63RD ST,1661,GAMBLING,GAME/DICE,SIDEWALK,True,False,724,7,16.0,68,19,1170554.0,1863042.0,2015,02/10/2018 03:50:01 PM,41.779669026,-87.650273392,"(41.779669026, -87.650273392)"
10104310,HY293246,06/08/2015 07:40:00 PM,041XX W POTOMAC AVE,1680,GAMBLING,OTHER,SIDEWALK,True,False,2534,25,37.0,23,19,1148603.0,1908341.0,2015,02/10/2018 03:50:01 PM,41.904425739,-87.729581922,"(41.904425739, -87.729581922)"
10126346,HY314771,06/24/2015 09:25:00 PM,055XX S WELLS ST,1670,GAMBLING,GAME/AMUSEMENT DEVICE,GAS STATION,True,False,711,7,3.0,68,19,1175550.0,1868337.0,2015,02/10/2018 03:50:01 PM,41.794088699,-87.631799109,"(41.794088699, -87.631799109)"
10083497,HY272024,05/23/2015 01:30:00 PM,053XX S JUSTINE ST,1661,GAMBLING,GAME/DICE,SIDEWALK,True,False,934,9,16.0,61,19,1166912.0,1869286.0,2015,02/10/2018 03:50:01 PM,41.796881935,-87.663447077,"(41.796881935, -87.663447077)"
10083640,HY272286,05/21/2015 11:30:00 PM,074XX N WESTERN AVE,1661,GAMBLING,GAME/DICE,BAR OR TAVERN,True,False,2411,24,50.0,2,19,1159016.0,1949462.0,2015,02/10/2018 03:50:01 PM,42.017056516,-87.690198286,"(42.017056516, -87.690198286)"
10147463,HY335836,07/10/2015 11:00:00 PM,010XX W GRANVILLE AVE,1670,GAMBLING,GAME/AMUSEMENT DEVICE,CONVENIENCE STORE,True,False,2433,24,48.0,77,19,1167930.0,1941342.0,2015,02/10/2018 03:50:01 PM,41.994586647,-87.657632936,"(41.994586647, -87.657632936)"
10062561,HY250787,05/07/2015 02:21:00 PM,055XX S THROOP ST,1661,GAMBLING,GAME/DICE,SIDEWALK,True,False,713,7,16.0,67,19,1168605.0,1867960.0,2015,02/10/2018 03:50:01 PM,41.793206867,-87.657276902,"(41.793206867, -87.657276902)"
10062819,HY251225,05/07/2015 07:23:00 PM,019XX S HARDING AVE,1661,GAMBLING,GAME/DICE,SIDEWALK,True,False,1014,10,24.0,29,19,1150366.0,1890145.0,2015,02/10/2018 03:50:01 PM,41.854459676,-87.723580756,"(41.854459676, -87.723580756)"
10147629,HY336886,07/11/2015 07:25:00 PM,008XX N LOCKWOOD AVE,1661,GAMBLING,GAME/DICE,SIDEWALK,True,False,1524,15,37.0,25,19,1140871.0,1905021.0,2015,02/10/2018 03:50:01 PM,41.895461087,-87.758065815,"(41.895461087, -87.758065815)"
10083940,HY272654,05/23/2015 11:54:00 PM,068XX S EAST END AVE,1661,GAMBLING,GAME/DICE,SIDEWALK,True,False,332,3,5.0,43,19,1188717.0,1859912.0,2015,02/10/2018 03:50:01 PM,41.770664849,-87.583786323,"(41.770664849, -87.583786323)"
10147938,HY337320,07/12/2015 03:34:00 AM,030XX W LEXINGTON ST,1661,GAMBLING,GAME/DICE,STREET,True,False,1134,11,28.0,27,19,1156221.0,1896546.0,2015,02/10/2018 03:50:01 PM,41.871908601,-87.701917582,"(41.871908601, -87.701917582)"
10106012,HY294623,06/09/2015 08:45:00 PM,011XX N DRAKE AVE,1661,GAMBLING,GAME/DICE,PARK PROPERTY,True,False,1121,11,27.0,23,19,1152505.0,1907165.0,2015,02/10/2018 03:50:01 PM,41.901122429,-87.715279828,"(41.901122429, -87.715279828)"
10148467,HY338040,07/12/2015 05:55:00 PM,070XX S DANTE AVE,1661,GAMBLING,GAME/DICE,PARK PROPERTY,True,False,332,3,5.0,43,19,1187172.0,1858714.0,2015,02/10/2018 03:50:01 PM,41.767414241,-87.589487591,"(41.767414241, -87.589487591)"
10019991,HY209099,04/03/2015 02:40:00 PM,007XX W 54TH PL,1661,GAMBLING,GAME/DICE,SIDEWALK,True,False,935,9,3.0,61,19,1172319.0,1868732.0,2015,02/10/2018 03:50:01 PM,41.795244363,-87.643635357,"(41.795244363, -87.643635357)"
10107180,HY295345,06/10/2015 12:35:00 PM,012XX S CALIFORNIA BLVD,1661,GAMBLING,GAME/DICE,PARK PROPERTY,True,False,1022,10,24.0,29,19,1157877.0,1894438.0,2015,02/10/2018 03:50:01 PM,41.866090448,-87.695895177,"(41.866090448, -87.695895177)"
10148518,HY338083,07/12/2015 06:18:00 PM,069XX S PARNELL AVE,1661,GAMBLING,GAME/DICE,RESIDENTIAL YARD (FRONT/BACK),True,False,732,7,6.0,68,19,1173818.0,1858848.0,2015,02/10/2018 03:50:01 PM,41.76808844,-87.638431431,"(41.76808844, -87.638431431)"
10064422,HY252912,05/09/2015 12:15:00 AM,064XX S PARNELL AVE,1661,GAMBLING,GAME/DICE,ALLEY,True,False,722,7,20.0,68,19,1173728.0,1862102.0,2015,02/10/2018 03:50:01 PM,41.777019786,-87.638664981,"(41.777019786, -87.638664981)"
10107461,HY295714,06/10/2015 04:55:00 PM,064XX S HONORE ST,1680,GAMBLING,OTHER,SIDEWALK,True,False,726,7,15.0,67,19,1165120.0,1861975.0,2015,02/10/2018 03:50:01 PM,41.77685776,-87.670225321,"(41.77685776, -87.670225321)"
10085450,HY274676,05/25/2015 07:00:00 PM,071XX S SEELEY AVE,1661,GAMBLING,GAME/DICE,SIDEWALK,True,False,735,7,17.0,67,19,1163929.0,1857250.0,2015,02/10/2018 03:50:01 PM,41.763916833,-87.674724146,"(41.763916833, -87.674724146)"
10043728,HY232771,04/23/2015 11:35:00 AM,035XX W GRENSHAW ST,1661,GAMBLING,GAME/DICE,SIDEWALK,True,False,1133,11,24.0,29,19,1152910.0,1894829.0,2015,02/10/2018 03:50:01 PM,41.867263155,-87.714119166,"(41.867263155, -87.714119166)"
10087079,HY276055,05/26/2015 05:30:00 PM,002XX W CERMAK RD,1670,GAMBLING,GAME/AMUSEMENT DEVICE,CONVENIENCE STORE,True,False,914,9,25.0,34,19,1175056.0,1889743.0,2015,02/10/2018 03:50:01 PM,41.852839689,-87.632970719,"(41.852839689, -87.632970719)"
10087104,HY276112,05/26/2015 07:10:00 PM,092XX S DOBSON AVE,1661,GAMBLING,GAME/DICE,SIDEWALK,True,False,413,4,8.0,47,19,1184832.0,1843856.0,2015,02/10/2018 03:50:01 PM,41.726697566,-87.598529659,"(41.726697566, -87.598529659)"
10130434,HY319186,06/28/2015 10:30:00 AM,002XX S LOTUS AVE,1661,GAMBLING,GAME/DICE,SIDEWALK,True,False,1522,15,29.0,25,19,1139913.0,1898658.0,2015,02/10/2018 03:50:01 PM,41.878017787,-87.761740038,"(41.878017787, -87.761740038)"
10065890,HY254984,05/10/2015 07:29:00 PM,083XX S CARPENTER ST,1661,GAMBLING,GAME/DICE,SIDEWALK,True,False,613,6,21.0,71,19,1170770.0,1849485.0,2015,02/10/2018 03:50:01 PM,41.742462184,-87.649876395,"(41.742462184, -87.649876395)"
10087237,HY276302,05/26/2015 10:12:00 PM,013XX W 98TH PL,1661,GAMBLING,GAME/DICE,SIDEWALK,True,False,2213,22,21.0,73,19,1169191.0,1839457.0,2015,02/10/2018 03:50:01 PM,41.714978154,-87.65595101,"(41.714978154, -87.65595101)"
10087261,HY276313,05/26/2015 10:22:00 PM,083XX S HOUSTON AVE,1661,GAMBLING,GAME/DICE,SIDEWALK,True,False,424,4,10.0,46,19,1197937.0,1850399.0,2015,02/10/2018 03:50:01 PM,41.744335065,-87.550307481,"(41.744335065, -87.550307481)"
10021787,HY211542,04/05/2015 06:10:00 PM,080XX S ELIZABETH ST,1661,GAMBLING,GAME/DICE,ALLEY,True,False,612,6,21.0,71,19,1169388.0,1851485.0,2015,02/10/2018 03:50:01 PM,41.747980468,-87.654882275,"(41.747980468, -87.654882275)"
10044305,HY233236,04/23/2015 04:47:00 PM,012XX W 97TH PL,1661,GAMBLING,GAME/DICE,RESIDENTIAL YARD (FRONT/BACK),True,False,2213,22,21.0,73,19,1169779.0,1840192.0,2015,02/10/2018 03:50:01 PM,41.716982391,-87.653776245,"(41.716982391, -87.653776245)"
10021840,HY211628,04/05/2015 07:31:00 PM,088XX S EXCHANGE AVE,1661,GAMBLING,GAME/DICE,SIDEWALK,True,False,423,4,10.0,46,19,1197300.0,1846934.0,2015,02/10/2018 03:50:01 PM,41.734842718,-87.552756625,"(41.734842718, -87.552756625)"
10021905,HY211720,04/05/2015 09:12:00 PM,072XX S SOUTH SHORE DR,1661,GAMBLING,GAME/DICE,RESIDENCE PORCH/HALLWAY,True,False,334,3,7.0,43,19,1194876.0,1857807.0,2015,02/10/2018 03:50:01 PM,41.764739071,-87.561279511,"(41.764739071, -87.561279511)"
10044466,HY233447,04/23/2015 08:01:00 PM,065XX S GREEN ST,1661,GAMBLING,GAME/DICE,RESIDENCE PORCH/HALLWAY,True,False,723,7,20.0,68,19,1171764.0,1861427.0,2015,02/10/2018 03:50:01 PM,41.775210816,-87.645884719,"(41.775210816, -87.645884719)"
10022799,HY212450,04/06/2015 03:15:00 PM,051XX W MADISON ST,1661,GAMBLING,GAME/DICE,GAS STATION,True,False,1533,15,28.0,25,19,1142285.0,1899542.0,2015,02/10/2018 03:50:01 PM,41.880399914,-87.753008553,"(41.880399914, -87.753008553)"
10088444,HY277037,05/27/2015 02:20:00 PM,048XX W FULTON ST,1661,GAMBLING,GAME/DICE,PARKING LOT/GARAGE(NON.RESID.),True,False,1532,15,28.0,25,19,1144242.0,1901501.0,2015,02/10/2018 03:50:01 PM,41.885739108,-87.745773311,"(41.885739108, -87.745773311)"
10110214,HY298729,06/12/2015 08:30:00 PM,003XX W 104TH PL,1661,GAMBLING,GAME/DICE,SIDEWALK,True,False,512,5,34.0,49,19,1176012.0,1835633.0,2015,02/10/2018 03:50:01 PM,41.704334583,-87.631083766,"(41.704334583, -87.631083766)"
10022987,HY212632,04/06/2015 05:19:00 PM,057XX S CALUMET AVE,1661,GAMBLING,GAME/DICE,RESIDENCE,True,False,232,2,20.0,40,19,1179464.0,1866996.0,2015,02/10/2018 03:50:01 PM,41.790320325,-87.617487726,"(41.790320325, -87.617487726)"
9929412,HY117963,01/16/2015 11:40:00 PM,032XX W BRYN MAWR AVE,1670,GAMBLING,GAME/AMUSEMENT DEVICE,TAVERN/LIQUOR STORE,True,False,1712,17,40.0,13,19,1153949.0,1937037.0,2015,02/10/2018 03:50:01 PM,41.983064712,-87.709176935,"(41.983064712, -87.709176935)"
9929452,HY117898,01/16/2015 10:20:00 PM,058XX N LINCOLN AVE,1651,GAMBLING,GAME/CARDS,COMMERCIAL / BUSINESS OFFICE,True,False,2011,20,40.0,2,19,1155978.0,1938484.0,2015,02/10/2018 03:50:01 PM,41.986994535,-87.701675419,"(41.986994535, -87.701675419)"
9930233,HY119119,01/17/2015 09:15:00 PM,066XX N CLARK ST,1670,GAMBLING,GAME/AMUSEMENT DEVICE,CONVENIENCE STORE,True,False,2432,24,49.0,1,19,1163916.0,1944385.0,2015,08/17/2015 03:03:40 PM,42.003022681,-87.672311794,"(42.003022681, -87.672311794)"
9946391,HY134428,01/30/2015 05:45:00 PM,071XX S CALIFORNIA AVE,1661,GAMBLING,GAME/DICE,SIDEWALK,True,False,831,8,18.0,66,19,1158942.0,1857138.0,2015,02/10/2018 03:50:01 PM,41.763712816,-87.693005818,"(41.763712816, -87.693005818)"
9947218,HY132238,01/24/2015 10:30:00 PM,063XX N CALIFORNIA AVE,1670,GAMBLING,GAME/AMUSEMENT DEVICE,RESTAURANT,True,False,2413,24,50.0,2,19,1156515.0,1941996.0,2015,02/10/2018 03:50:01 PM,41.996620733,-87.699604727,"(41.996620733, -87.699604727)"
9954271,HY142596,02/06/2015 10:35:00 PM,052XX N KEDZIE AVE,1670,GAMBLING,GAME/AMUSEMENT DEVICE,RESTAURANT,True,False,1712,17,39.0,13,19,1154097.0,1934600.0,2015,02/10/2018 03:50:01 PM,41.97637449,-87.708697978,"(41.97637449, -87.708697978)"
10129779,HY318180,06/27/2015 01:29:00 PM,083XX S PEORIA ST,1661,GAMBLING,GAME/DICE,SIDEWALK,True,False,613,6,21.0,71,19,1171746.0,1849586.0,2015,08/17/2015 03:03:40 PM,41.742718014,-87.646297374,"(41.742718014, -87.646297374)"
9961115,HY149664,02/12/2015 08:51:00 PM,072XX S COTTAGE GROVE AVE,1661,GAMBLING,GAME/DICE,APARTMENT,True,False,323,3,6.0,69,19,1182817.0,1856994.0,2015,02/10/2018 03:50:01 PM,41.762796633,-87.605503689,"(41.762796633, -87.605503689)"
10146433,HY335078,07/10/2015 12:38:00 PM,062XX S DR MARTIN LUTHER KING JR DR,1661,GAMBLING,GAME/DICE,SIDEWALK,True,False,311,3,20.0,40,19,1179989.0,1863814.0,2015,02/10/2018 03:50:01 PM,41.781576603,-87.615660095,"(41.781576603, -87.615660095)"
10202099,HY389419,08/19/2015 07:49:00 PM,049XX W CRYSTAL ST,1661,GAMBLING,GAME/DICE,SIDEWALK,True,False,2533,25,37.0,25,19,1143156.0,1907865.0,2015,02/10/2018 03:50:01 PM,41.903222999,-87.749602377,"(41.903222999, -87.749602377)"
9986340,HY176466,03/08/2015 03:10:00 PM,101XX S WINSTON AVE,1661,GAMBLING,GAME/DICE,STREET,True,False,2213,22,21.0,73,19,1169291.0,1837514.0,2015,02/10/2018 03:50:01 PM,41.709644104,-87.655640774,"(41.709644104, -87.655640774)"
9987780,HY177947,03/09/2015 05:56:00 PM,057XX S ELIZABETH ST,1661,GAMBLING,GAME/DICE,SIDEWALK,True,False,713,7,16.0,67,19,1168969.0,1866712.0,2015,02/10/2018 03:50:01 PM,41.789774347,-87.655978207,"(41.789774347, -87.655978207)"
9989177,HY179418,03/10/2015 07:46:00 PM,084XX S BUFFALO AVE,1661,GAMBLING,GAME/DICE,SIDEWALK,True,False,424,4,10.0,46,19,1199608.0,1849588.0,2015,02/10/2018 03:50:01 PM,41.742067735,-87.544212144,"(41.742067735, -87.544212144)"
9991864,HY181873,03/12/2015 05:38:00 PM,067XX S MAY ST,1661,GAMBLING,GAME/DICE,SIDEWALK,True,False,724,7,17.0,68,19,1169812.0,1860129.0,2015,02/10/2018 03:50:01 PM,41.77169154,-87.653078132,"(41.77169154, -87.653078132)"
9992052,HY182093,03/12/2015 08:00:00 PM,039XX W GLADYS AVE,1661,GAMBLING,GAME/DICE,SIDEWALK,True,False,1132,11,24.0,26,19,1150254.0,1898067.0,2015,02/10/2018 03:50:01 PM,41.876200755,-87.723785389,"(41.876200755, -87.723785389)"
9994452,HY184892,03/14/2015 08:43:00 PM,002XX W 95TH ST,1661,GAMBLING,GAME/DICE,CHA PARKING LOT/GROUNDS,True,False,634,6,21.0,49,19,1176183.0,1841939.0,2015,02/10/2018 03:50:01 PM,41.721635295,-87.630269043,"(41.721635295, -87.630269043)"
9994935,HY185499,03/15/2015 01:23:00 PM,062XX S HERMITAGE AVE,1661,GAMBLING,GAME/DICE,SIDEWALK,True,False,714,7,15.0,67,19,1165747.0,1863403.0,2015,02/10/2018 03:50:01 PM,41.780763086,-87.667886244,"(41.780763086, -87.667886244)"
9994937,HY185529,03/15/2015 01:52:00 PM,092XX S DOBSON AVE,1661,GAMBLING,GAME/DICE,RESIDENTIAL YARD (FRONT/BACK),True,False,413,4,8.0,47,19,1184829.0,1843992.0,2015,02/10/2018 03:50:01 PM,41.727070836,-87.598536396,"(41.727070836, -87.598536396)"
9996371,HY186620,03/16/2015 11:18:00 AM,038XX W FERDINAND ST,1661,GAMBLING,GAME/DICE,SIDEWALK,True,False,1122,11,27.0,23,19,1150756.0,1903064.0,2015,02/10/2018 03:50:01 PM,41.889903264,-87.721811464,"(41.889903264, -87.721811464)"
9996838,HY187285,03/16/2015 07:48:00 PM,057XX S MAY ST,1661,GAMBLING,GAME/DICE,SIDEWALK,True,False,712,7,16.0,68,19,1169631.0,1866750.0,2015,02/10/2018 03:50:01 PM,41.789864285,-87.653549749,"(41.789864285, -87.653549749)"
9996891,HY187323,03/16/2015 08:44:00 PM,011XX W 68TH ST,1661,GAMBLING,GAME/DICE,RESIDENCE PORCH/HALLWAY,True,False,724,7,17.0,68,19,1169721.0,1859703.0,2015,02/10/2018 03:50:01 PM,41.770524518,-87.653424052,"(41.770524518, -87.653424052)"
9996963,HY187412,03/16/2015 07:20:00 PM,028XX W OGDEN AVE,1661,GAMBLING,GAME/DICE,PARK PROPERTY,True,False,1022,10,24.0,29,19,1157704.0,1892591.0,2015,02/10/2018 03:50:01 PM,41.861025612,-87.696580566,"(41.861025612, -87.696580566)"
9997960,HY187950,03/17/2015 11:26:00 AM,044XX W MAYPOLE AVE,1661,GAMBLING,GAME/DICE,SIDEWALK,True,False,1113,11,28.0,26,19,1146582.0,1901083.0,2015,02/10/2018 03:50:01 PM,41.884547781,-87.737190925,"(41.884547781, -87.737190925)"
9999878,HY189871,03/18/2015 07:45:00 PM,012XX S AVERS AVE,1661,GAMBLING,GAME/DICE,SIDEWALK,True,False,1011,10,24.0,29,19,1150904.0,1894248.0,2015,02/10/2018 03:50:01 PM,41.865708294,-87.721498739,"(41.865708294, -87.721498739)"
